gene_symbol,gene_name,brain_region,region_location,slim_region_location,mouseGene,cns_cell_type_taxon,cell_type_taxon
SORCS3,sortilin related VPS10 domain containing receptor 3,claustrum,claustrum <  cerebral nuclei  <  telencephalon  < gray matter,claustrum < cerebral nuclei,Sorcs3,Cholinergic and monoaminergic neurons,Cholinergic and monoaminergic neurons
RBFOX1,RNA binding fox-1 homolog 1,dentate gyrus,dentate gyrus <  hippocampal formation  <  limbic lobe  <  cerebral cortex  <  telencephalon  < gray matter,dentate gyrus <  hippocampal formation  < limbic lobe,Rbfox1,Telencephalon projecting excitatory neurons,Peripheral sensory non-peptidergic neurons
GRM5,glutamate metabotropic receptor 5,septal nuclei,septal nuclei <  basal forebrain  <  cerebral nuclei  <  telencephalon  < gray matter,septal nuclei < basal forebrain,Grm5,Spinal cord inhibitory neurons,Spinal cord inhibitory neurons
HIST1H2BN,NA,III paravermis,III paravermis <  III  <  Anterior Lobe  <  cerebellar hemispheres  <  cerebellar cortex  <  cerebellum  <  metencephalon  < gray matter,III paravermis <  III  <  Anterior Lobe  <  cerebellar hemispheres  < cerebellar cortex,Hist1h2bm,Non-glutamatergic neuroblasts,Non-glutamatergic neuroblasts
SHISA9,shisa family member 9,lateral mammillary nucleus,lateral mammillary nucleus <  mammillary body  <  mammillary region  <  hypothalamus  <  diencephalon  < gray matter,lateral mammillary nucleus <  mammillary body  < mammillary region,Shisa9,Glutamatergic neuroblasts,Glutamatergic neuroblasts
TCF4,transcription factor 4,VIIB,VIIB <  posterior lobe of the vermis  <  vermis  <  cerebellar cortex  <  cerebellum  <  metencephalon  < gray matter,VIIB <  posterior lobe of the vermis  <  vermis  < cerebellar cortex,Tcf4,Telencephalon inhibitory interneurons,Telencephalon inhibitory interneurons
NEGR1,neuronal growth regulator 1,lingual gyrus striate,lingual gyrus striate <  lingual gyrus  <  occipital lobe  <  cerebral cortex  <  telencephalon  < gray matter,lingual gyrus striate <  lingual gyrus  < occipital lobe,Negr1,Cholinergic and monoaminergic neurons,Cholinergic and monoaminergic neurons
HIST1H3J,NA,VI,VI <  posterior lobe of the vermis  <  vermis  <  cerebellar cortex  <  cerebellum  <  metencephalon  < gray matter,VI <  posterior lobe of the vermis  <  vermis  < cerebellar cortex,Hist1h3g,Non-glutamatergic neuroblasts,Non-glutamatergic neuroblasts
DENND1A,DENN domain containing 1A,basolateral nucleus,basolateral nucleus <  amygdala  <  cerebral nuclei  <  telencephalon  < gray matter,basolateral nucleus < amygdala,Dennd1a,Cholinergic and monoaminergic neurons,Cholinergic and monoaminergic neurons
DCC,DCC netrin 1 receptor,CA3 field,CA3 field <  hippocampal formation  <  limbic lobe  <  cerebral cortex  <  telencephalon  < gray matter,CA3 field <  hippocampal formation  < limbic lobe,Dcc,Telencephalon projecting inhibitory neurons,Telencephalon projecting inhibitory neurons
RSRC1,arginine and serine rich coiled-coil 1,dorsal lateral geniculate nucleus,dorsal lateral geniculate nucleus <  dorsal lateral geneiculate nucleus  <  dorsal thalamus  <  thalamus  <  diencephalon  < gray matter,dorsal lateral geniculate nucleus <  dorsal lateral geneiculate nucleus  < dorsal thalamus,Rsrc1,Di- and mesencephalon excitatory neurons,Sympathetic cholinergic neurons
TENM2,teneurin transmembrane protein 2,cuneus striate,cuneus striate <  cuneus  <  occipital lobe  <  cerebral cortex  <  telencephalon  < gray matter,cuneus striate <  cuneus  < occipital lobe,Tenm2,Cholinergic and monoaminergic neurons,Cholinergic and monoaminergic neurons
TMEM161B,transmembrane protein 161B,VIIIB lateral hemisphere,VIIIB lateral hemisphere <  VIIIB  <  Posterior Lobe  <  cerebellar hemispheres  <  cerebellar cortex  <  cerebellum  <  metencephalon  < gray matter,VIIIB lateral hemisphere <  VIIIB  <  Posterior Lobe  <  cerebellar hemispheres  < cerebellar cortex,Tmem161b,Hindbrain neurons,Hindbrain neurons
DRD2,dopamine receptor D2,substantia nigra pars compacta,substantia nigra pars compacta <  substantia nigra  <  midbrain tegmentum  <  mesencephalon  < gray matter,substantia nigra pars compacta < substantia nigra,Drd2,Telencephalon projecting inhibitory neurons,Telencephalon projecting inhibitory neurons
PGBD1,piggyBac transposable element derived 1,VIIB,VIIB <  posterior lobe of the vermis  <  vermis  <  cerebellar cortex  <  cerebellum  <  metencephalon  < gray matter,VIIB <  posterior lobe of the vermis  <  vermis  < cerebellar cortex,Pgbd1,Cholinergic and monoaminergic neurons,Cholinergic and monoaminergic neurons
ZKSCAN4,zinc finger with KRAB and SCAN domains 4,dentate gyrus,dentate gyrus <  hippocampal formation  <  limbic lobe  <  cerebral cortex  <  telencephalon  < gray matter,dentate gyrus <  hippocampal formation  < limbic lobe,NA,NA,NA
HIST1H1B,NA,III paravermis,III paravermis <  III  <  Anterior Lobe  <  cerebellar hemispheres  <  cerebellar cortex  <  cerebellum  <  metencephalon  < gray matter,III paravermis <  III  <  Anterior Lobe  <  cerebellar hemispheres  < cerebellar cortex,NA,NA,NA
ERBB4,erb-b2 receptor tyrosine kinase 4,substantia nigra pars compacta,substantia nigra pars compacta <  substantia nigra  <  midbrain tegmentum  <  mesencephalon  < gray matter,substantia nigra pars compacta < substantia nigra,Erbb4,Telencephalon inhibitory interneurons,Telencephalon inhibitory interneurons
ZKSCAN8,zinc finger with KRAB and SCAN domains 8,globus pallidus external segment,globus pallidus external segment <  globus pallidus  <  basal ganglia  <  cerebral nuclei  <  telencephalon  < gray matter,globus pallidus external segment <  globus pallidus  < basal ganglia,Zkscan8,Hindbrain neurons,Hindbrain neurons
BTN3A2,butyrophilin subfamily 3 member A2,supraoptic nucleus,supraoptic nucleus <  anterior hypothalamic region  <  hypothalamus  <  diencephalon  < gray matter,supraoptic nucleus < anterior hypothalamic region,NA,NA,NA
PCLO,piccolo presynaptic cytomatrix protein,CA3 field,CA3 field <  hippocampal formation  <  limbic lobe  <  cerebral cortex  <  telencephalon  < gray matter,CA3 field <  hippocampal formation  < limbic lobe,Pclo,Cholinergic and monoaminergic neurons,Cholinergic and monoaminergic neurons
ZSCAN16,zinc finger and SCAN domain containing 16,corpus callosum,corpus callosum <  telencephalic commissures  <  telencephalic white matter  < white matter,corpus callosum < telencephalic commissures,NA,NA,NA
ZSCAN9,zinc finger and SCAN domain containing 9,VIIIB lateral hemisphere,VIIIB lateral hemisphere <  VIIIB  <  Posterior Lobe  <  cerebellar hemispheres  <  cerebellar cortex  <  cerebellum  <  metencephalon  < gray matter,VIIIB lateral hemisphere <  VIIIB  <  Posterior Lobe  <  cerebellar hemispheres  < cerebellar cortex,NA,NA,NA
TMEM106B,transmembrane protein 106B,reticular nucleus of thalamus,reticular nucleus of thalamus <  ventral thalamus  <  thalamus  <  diencephalon  < gray matter,reticular nucleus of thalamus < ventral thalamus,Tmem106b,Cholinergic and monoaminergic neurons,Cholinergic and monoaminergic neurons
MEF2C,myocyte enhancer factor 2C,lingual gyrus striate,lingual gyrus striate <  lingual gyrus  <  occipital lobe  <  cerebral cortex  <  telencephalon  < gray matter,lingual gyrus striate <  lingual gyrus  < occipital lobe,Mef2c,Telencephalon projecting excitatory neurons,Telencephalon projecting excitatory neurons
OLFM4,olfactomedin 4,supraoptic nucleus,supraoptic nucleus <  anterior hypothalamic region  <  hypothalamus  <  diencephalon  < gray matter,supraoptic nucleus < anterior hypothalamic region,Olfm4,Peptidergic neurons,Peptidergic neurons
GRM8,glutamate metabotropic receptor 8,pontine nuclei,pontine nuclei <  basal part of pons  <  pons  <  metencephalon  < gray matter,pontine nuclei < basal part of pons,Grm8,Hindbrain neurons,Hindbrain neurons
ZNF165,zinc finger protein 165,dentate nucleus,dentate nucleus <  cerebellar nuclei  <  cerebellum  <  metencephalon  < gray matter,dentate nucleus < cerebellar nuclei,NA,NA,NA
LRFN5,leucine rich repeat and fibronectin type III domain containing 5,dentate gyrus,dentate gyrus <  hippocampal formation  <  limbic lobe  <  cerebral cortex  <  telencephalon  < gray matter,dentate gyrus <  hippocampal formation  < limbic lobe,Lrfn5,Di- and mesencephalon excitatory neurons,Peripheral sensory non-peptidergic neurons
OR2B2,olfactory receptor family 2 subfamily B member 2,hypoglossal nucleus,hypoglossal nucleus <  myelencephalon  < gray matter,hypoglossal nucleus <  myelencephalon  < gray matter,Olfr1359,Hindbrain neurons,Hindbrain neurons
HIST1H2BL,NA,central glial substance,central glial substance <  myelencephalon  < gray matter,central glial substance <  myelencephalon  < gray matter,Hist1h2bj,Non-glutamatergic neuroblasts,Non-glutamatergic neuroblasts
ZCCHC7,zinc finger CCHC-type containing 7,dentate gyrus,dentate gyrus <  hippocampal formation  <  limbic lobe  <  cerebral cortex  <  telencephalon  < gray matter,dentate gyrus <  hippocampal formation  < limbic lobe,Zcchc7,Hindbrain neurons,Hindbrain neurons
B3GALTL,NA,lateral group of nuclei dorsal division,lateral group of nuclei dorsal division <  lateral group of nuclei  <  dorsal thalamus  <  thalamus  <  diencephalon  < gray matter,lateral group of nuclei dorsal division <  lateral group of nuclei  < dorsal thalamus,B3galtl,NA,NA
BTN2A1,butyrophilin subfamily 2 member A1,VIIIB lateral hemisphere,VIIIB lateral hemisphere <  VIIIB  <  Posterior Lobe  <  cerebellar hemispheres  <  cerebellar cortex  <  cerebellum  <  metencephalon  < gray matter,VIIIB lateral hemisphere <  VIIIB  <  Posterior Lobe  <  cerebellar hemispheres  < cerebellar cortex,NA,NA,NA
ZSCAN26,zinc finger and SCAN domain containing 26,VIIIB lateral hemisphere,VIIIB lateral hemisphere <  VIIIB  <  Posterior Lobe  <  cerebellar hemispheres  <  cerebellar cortex  <  cerebellum  <  metencephalon  < gray matter,VIIIB lateral hemisphere <  VIIIB  <  Posterior Lobe  <  cerebellar hemispheres  < cerebellar cortex,Zscan26,Hindbrain neurons,Hindbrain neurons
RERE,arginine-glutamic acid dipeptide repeats,V lateral hemisphere,V lateral hemisphere <  V  <  Anterior Lobe  <  cerebellar hemispheres  <  cerebellar cortex  <  cerebellum  <  metencephalon  < gray matter,V lateral hemisphere <  V  <  Anterior Lobe  <  cerebellar hemispheres  < cerebellar cortex,Rere,Cholinergic and monoaminergic neurons,Sympathetic cholinergic neurons
CDH13,cadherin 13,reticular nucleus of thalamus,reticular nucleus of thalamus <  ventral thalamus  <  thalamus  <  diencephalon  < gray matter,reticular nucleus of thalamus < ventral thalamus,Cdh13,Cholinergic and monoaminergic neurons,Cholinergic and monoaminergic neurons
ASTN2,astrotactin 2,central glial substance,central glial substance <  myelencephalon  < gray matter,central glial substance <  myelencephalon  < gray matter,Astn2,Glutamatergic neuroblasts,Enteric neurons
CACNA1E,calcium voltage-gated channel subunit alpha1 E,inferior olivary complex,inferior olivary complex <  myelencephalon  < gray matter,inferior olivary complex <  myelencephalon  < gray matter,Cacna1e,Telencephalon projecting excitatory neurons,Telencephalon projecting excitatory neurons
HIST1H2AL,NA,III paravermis,III paravermis <  III  <  Anterior Lobe  <  cerebellar hemispheres  <  cerebellar cortex  <  cerebellum  <  metencephalon  < gray matter,III paravermis <  III  <  Anterior Lobe  <  cerebellar hemispheres  < cerebellar cortex,Hist1h2ae,Non-glutamatergic neuroblasts,Non-glutamatergic neuroblasts
HLA-B,"major histocompatibility complex, class I, B",supraoptic nucleus,supraoptic nucleus <  anterior hypothalamic region  <  hypothalamus  <  diencephalon  < gray matter,supraoptic nucleus < anterior hypothalamic region,NA,NA,NA
HIST1H4L,NA,III paravermis,III paravermis <  III  <  Anterior Lobe  <  cerebellar hemispheres  <  cerebellar cortex  <  cerebellum  <  metencephalon  < gray matter,III paravermis <  III  <  Anterior Lobe  <  cerebellar hemispheres  < cerebellar cortex,Hist1h4n,Enteric glia,Enteric neurons
ZSCAN12,zinc finger and SCAN domain containing 12,VIIIB lateral hemisphere,VIIIB lateral hemisphere <  VIIIB  <  Posterior Lobe  <  cerebellar hemispheres  <  cerebellar cortex  <  cerebellum  <  metencephalon  < gray matter,VIIIB lateral hemisphere <  VIIIB  <  Posterior Lobe  <  cerebellar hemispheres  < cerebellar cortex,Zscan12,Subcommissural organ hypendymal cells,Sympathetic cholinergic neurons
CHD6,chromodomain helicase DNA binding protein 6,central glial substance,central glial substance <  myelencephalon  < gray matter,central glial substance <  myelencephalon  < gray matter,Chd6,Cholinergic and monoaminergic neurons,Cholinergic and monoaminergic neurons
CTNNA3,catenin alpha 3,corpus callosum,corpus callosum <  telencephalic commissures  <  telencephalic white matter  < white matter,corpus callosum < telencephalic commissures,Ctnna3,Schwann cells,Schwann cells
METTL9,methyltransferase like 9,body of caudate nucleus,body of caudate nucleus <  body of the caudate nucleus  <  caudate nucleus  <  striatum  <  basal ganglia  <  cerebral nuclei  <  telencephalon  < gray matter,body of the caudate nucleus  <  caudate nucleus  <  striatum  < basal ganglia,Mettl9,Schwann cells,Schwann cells
MEGF11,multiple EGF like domains 11,lateral mammillary nucleus,lateral mammillary nucleus <  mammillary body  <  mammillary region  <  hypothalamus  <  diencephalon  < gray matter,lateral mammillary nucleus <  mammillary body  < mammillary region,Megf11,Oligodendrocyte precursor cells,Oligodendrocyte precursor cells
ZSCAN31,zinc finger and SCAN domain containing 31,V lateral hemisphere,V lateral hemisphere <  V  <  Anterior Lobe  <  cerebellar hemispheres  <  cerebellar cortex  <  cerebellum  <  metencephalon  < gray matter,V lateral hemisphere <  V  <  Anterior Lobe  <  cerebellar hemispheres  < cerebellar cortex,NA,NA,NA
ZNF197,zinc finger protein 197,VIIIB lateral hemisphere,VIIIB lateral hemisphere <  VIIIB  <  Posterior Lobe  <  cerebellar hemispheres  <  cerebellar cortex  <  cerebellum  <  metencephalon  < gray matter,VIIIB lateral hemisphere <  VIIIB  <  Posterior Lobe  <  cerebellar hemispheres  < cerebellar cortex,NA,NA,NA
KLC1,kinesin light chain 1,corpus callosum,corpus callosum <  telencephalic commissures  <  telencephalic white matter  < white matter,corpus callosum < telencephalic commissures,Klc1,Cholinergic and monoaminergic neurons,Sympathetic cholinergic neurons
ZNF660,zinc finger protein 660,central glial substance,central glial substance <  myelencephalon  < gray matter,central glial substance <  myelencephalon  < gray matter,LOC102639251,NA,NA
SPPL3,signal peptide peptidase like 3,corpus callosum,corpus callosum <  telencephalic commissures  <  telencephalic white matter  < white matter,corpus callosum < telencephalic commissures,Sppl3,Cholinergic and monoaminergic neurons,Peripheral sensory neurofilament neurons
YLPM1,YLP motif containing 1,dentate gyrus,dentate gyrus <  hippocampal formation  <  limbic lobe  <  cerebral cortex  <  telencephalon  < gray matter,dentate gyrus <  hippocampal formation  < limbic lobe,Ylpm1,Cholinergic and monoaminergic neurons,Cholinergic and monoaminergic neurons
PCDH9,protocadherin 9,corpus callosum,corpus callosum <  telencephalic commissures  <  telencephalic white matter  < white matter,corpus callosum < telencephalic commissures,Pcdh9,Oligodendrocytes,Oligodendrocytes
ZNF445,zinc finger protein 445,dentate gyrus,dentate gyrus <  hippocampal formation  <  limbic lobe  <  cerebral cortex  <  telencephalon  < gray matter,dentate gyrus <  hippocampal formation  < limbic lobe,Zfp445,Ependymal cells,Enteric neurons
ZKSCAN7,zinc finger with KRAB and SCAN domains 7,IX,IX <  posterior lobe of the vermis  <  vermis  <  cerebellar cortex  <  cerebellum  <  metencephalon  < gray matter,IX <  posterior lobe of the vermis  <  vermis  < cerebellar cortex,Zkscan7,Hindbrain neurons,Hindbrain neurons
HIST1H3I,NA,V,V <  anterior lobe of the vermis  <  vermis  <  cerebellar cortex  <  cerebellum  <  metencephalon  < gray matter,V <  anterior lobe of the vermis  <  vermis  < cerebellar cortex,Hist1h3e,Satellite glia,Satellite glia
LIN28B,lin-28 homolog B,preoptic region,preoptic region <  hypothalamus  <  diencephalon  < gray matter,preoptic region < hypothalamus,Lin28b,Cholinergic and monoaminergic neurons,Cholinergic and monoaminergic neurons
PAX5,paired box 5,subcuneiform nucleus,subcuneiform nucleus <  midbrain reticular formation  <  midbrain tegmentum  <  mesencephalon  < gray matter,subcuneiform nucleus < midbrain reticular formation,Pax5,Cholinergic and monoaminergic neurons,Cholinergic and monoaminergic neurons
PROX2,prospero homeobox 2,globose nucleus,globose nucleus <  cerebellar nuclei  <  cerebellum  <  metencephalon  < gray matter,globose nucleus < cerebellar nuclei,Prox2,Olfactory ensheathing cells,Olfactory ensheathing cells
FAM172A,family with sequence similarity 172 member A,VIIIB lateral hemisphere,VIIIB lateral hemisphere <  VIIIB  <  Posterior Lobe  <  cerebellar hemispheres  <  cerebellar cortex  <  cerebellum  <  metencephalon  < gray matter,VIIIB lateral hemisphere <  VIIIB  <  Posterior Lobe  <  cerebellar hemispheres  < cerebellar cortex,Fam172a,Oligodendrocytes,Peripheral sensory non-peptidergic neurons
CELF4,CUGBP Elav-like family member 4,dentate gyrus,dentate gyrus <  hippocampal formation  <  limbic lobe  <  cerebral cortex  <  telencephalon  < gray matter,dentate gyrus <  hippocampal formation  < limbic lobe,Celf4,Cholinergic and monoaminergic neurons,Cholinergic and monoaminergic neurons
DLST,dihydrolipoamide S-succinyltransferase,dorsal lateral geniculate nucleus,dorsal lateral geniculate nucleus <  dorsal lateral geneiculate nucleus  <  dorsal thalamus  <  thalamus  <  diencephalon  < gray matter,dorsal lateral geniculate nucleus <  dorsal lateral geneiculate nucleus  < dorsal thalamus,Dlst,Hindbrain neurons,Peripheral sensory neurofilament neurons
NRG1,neuregulin 1,basal nucleus of meynert,basal nucleus of meynert <  substantia innominata  <  basal forebrain  <  cerebral nuclei  <  telencephalon  < gray matter,basal nucleus of meynert <  substantia innominata  < basal forebrain,NA,NA,NA
SGCZ,sarcoglycan zeta,ventromedial hypothalamic nucleus,ventromedial hypothalamic nucleus <  tuberal region  <  hypothalamus  <  diencephalon  < gray matter,ventromedial hypothalamic nucleus < tuberal region,Sgcz,Cholinergic and monoaminergic neurons,Enteric neurons
OR12D3,olfactory receptor family 12 subfamily D member 3,lateral tuberal nucleus,lateral tuberal nucleus <  tuberal region  <  hypothalamus  <  diencephalon  < gray matter,lateral tuberal nucleus < tuberal region,Olfr109,Gene detected; No expression measured,Gene detected; No expression measured
RAB27B,"RAB27B, member RAS oncogene family",parahippocampal gyrus lateral bank of gyrus,parahippocampal gyrus lateral bank of gyrus <  parahippocampal gyrus  <  limbic lobe  <  cerebral cortex  <  telencephalon  < gray matter,parahippocampal gyrus lateral bank of gyrus <  parahippocampal gyrus  < limbic lobe,Rab27b,Cholinergic and monoaminergic neurons,Peripheral sensory non-peptidergic neurons
IGSF6,immunoglobulin superfamily member 6,substantia nigra pars reticulata,substantia nigra pars reticulata <  substantia nigra  <  midbrain tegmentum  <  mesencephalon  < gray matter,substantia nigra pars reticulata < substantia nigra,Igsf6,Perivascular macrophages,Perivascular macrophages
GPC6,glypican 6,locus ceruleus,locus ceruleus <  pontine tegmentum  <  pons  <  metencephalon  < gray matter,locus ceruleus < pontine tegmentum,Gpc6,Hindbrain neurons,Enteric neurons
PAX6,paired box 6,IX paravermis,IX paravermis <  IX  <  Posterior Lobe  <  cerebellar hemispheres  <  cerebellar cortex  <  cerebellum  <  metencephalon  < gray matter,IX paravermis <  IX  <  Posterior Lobe  <  cerebellar hemispheres  < cerebellar cortex,Pax6,Subcommissural organ hypendymal cells,Subcommissural organ hypendymal cells
SGIP1,SH3GL interacting endocytic adaptor 1,CA4 field,CA4 field <  hippocampal formation  <  limbic lobe  <  cerebral cortex  <  telencephalon  < gray matter,CA4 field <  hippocampal formation  < limbic lobe,Sgip1,Cholinergic and monoaminergic neurons,Enteric neurons
KDM3A,lysine demethylase 3A,globus pallidus internal segment,globus pallidus internal segment <  globus pallidus  <  basal ganglia  <  cerebral nuclei  <  telencephalon  < gray matter,globus pallidus internal segment <  globus pallidus  < basal ganglia,Kdm3a,Ependymal cells,Ependymal cells
C16orf45,NA,dentate gyrus,dentate gyrus <  hippocampal formation  <  limbic lobe  <  cerebral cortex  <  telencephalon  < gray matter,dentate gyrus <  hippocampal formation  < limbic lobe,2900011O08Rik,Cholinergic and monoaminergic neurons,Cholinergic and monoaminergic neurons
DCDC5,NA,central glial substance,central glial substance <  myelencephalon  < gray matter,central glial substance <  myelencephalon  < gray matter,Dcdc5,NA,NA
ESR2,estrogen receptor 2,paraventricular nucleus of the hypothalamus,paraventricular nucleus of the hypothalamus <  anterior hypothalamic region  <  hypothalamus  <  diencephalon  < gray matter,paraventricular nucleus of the hypothalamus < anterior hypothalamic region,Esr2,Cholinergic and monoaminergic neurons,Cholinergic and monoaminergic neurons
LRP1B,LDL receptor related protein 1B,parolfactory gyri,parolfactory gyri <  frontal lobe  <  cerebral cortex  <  telencephalon  < gray matter,parolfactory gyri < frontal lobe,Lrp1b,Dentate gyrus granule neurons,Dentate gyrus granule neurons
EMILIN3,elastin microfibril interfacer 3,cuneus striate,cuneus striate <  cuneus  <  occipital lobe  <  cerebral cortex  <  telencephalon  < gray matter,cuneus striate <  cuneus  < occipital lobe,Emilin3,Hindbrain neurons,Peripheral sensory peptidergic neurons
TRMT61A,tRNA methyltransferase 61A,central glial substance,central glial substance <  myelencephalon  < gray matter,central glial substance <  myelencephalon  < gray matter,Trmt61a,Telencephalon projecting excitatory neurons,Sympathetic cholinergic neurons
XRCC3,X-ray repair cross complementing 3,IX,IX <  posterior lobe of the vermis  <  vermis  <  cerebellar cortex  <  cerebellum  <  metencephalon  < gray matter,IX <  posterior lobe of the vermis  <  vermis  < cerebellar cortex,Xrcc3,Oligodendrocytes,Oligodendrocytes
SOX5,SRY-box transcription factor 5,central glial substance,central glial substance <  myelencephalon  < gray matter,central glial substance <  myelencephalon  < gray matter,Sox5,Telencephalon projecting excitatory neurons,Telencephalon projecting excitatory neurons
CNTNAP5,contactin associated protein family member 5,lateral group of nuclei dorsal division,lateral group of nuclei dorsal division <  lateral group of nuclei  <  dorsal thalamus  <  thalamus  <  diencephalon  < gray matter,lateral group of nuclei dorsal division <  lateral group of nuclei  < dorsal thalamus,Cntnap5a,Hindbrain neurons,Enteric neurons
SEMA6D,semaphorin 6D,substantia nigra pars compacta,substantia nigra pars compacta <  substantia nigra  <  midbrain tegmentum  <  mesencephalon  < gray matter,substantia nigra pars compacta < substantia nigra,Sema6d,Hindbrain neurons,Sympathetic cholinergic neurons
ANKK1,ankyrin repeat and kinase domain containing 1,IV,IV <  anterior lobe of the vermis  <  vermis  <  cerebellar cortex  <  cerebellum  <  metencephalon  < gray matter,IV <  anterior lobe of the vermis  <  vermis  < cerebellar cortex,Ankk1,Ependymal cells,Ependymal cells
ZFHX4,zinc finger homeobox 4,subthalamic nucleus,subthalamic nucleus <  subthalamus  <  diencephalon  < gray matter,subthalamic nucleus < subthalamus,Zfhx4,Cholinergic and monoaminergic neurons,Cholinergic and monoaminergic neurons
LST1,leukocyte specific transcript 1,substantia nigra pars reticulata,substantia nigra pars reticulata <  substantia nigra  <  midbrain tegmentum  <  mesencephalon  < gray matter,substantia nigra pars reticulata < substantia nigra,NA,NA,NA
PRSS16,serine protease 16,postcentral gyrus superior lateral aspect of gyrus,postcentral gyrus superior lateral aspect of gyrus <  postcentral gyrus  <  parietal lobe  <  cerebral cortex  <  telencephalon  < gray matter,postcentral gyrus superior lateral aspect of gyrus <  postcentral gyrus  < parietal lobe,Prss16,Telencephalon projecting excitatory neurons,Sympathetic noradrenergic neurons
TYR,tyrosinase,inferior temporal gyrus lateral bank of gyrus,inferior temporal gyrus lateral bank of gyrus <  inferior temporal gyrus  <  temporal lobe  <  cerebral cortex  <  telencephalon  < gray matter,inferior temporal gyrus lateral bank of gyrus <  inferior temporal gyrus  < temporal lobe,Tyr,Spinal cord inhibitory neurons,Spinal cord inhibitory neurons
RFWD2,NA,dentate gyrus,dentate gyrus <  hippocampal formation  <  limbic lobe  <  cerebral cortex  <  telencephalon  < gray matter,dentate gyrus <  hippocampal formation  < limbic lobe,Rfwd2,Hindbrain neurons,Peripheral sensory neurofilament neurons
PQLC2L,NA,dorsal lateral geniculate nucleus,dorsal lateral geniculate nucleus <  dorsal lateral geneiculate nucleus  <  dorsal thalamus  <  thalamus  <  diencephalon  < gray matter,dorsal lateral geniculate nucleus <  dorsal lateral geneiculate nucleus  < dorsal thalamus,NA,NA,NA
BTN1A1,butyrophilin subfamily 1 member A1,CA2 field,CA2 field <  hippocampal formation  <  limbic lobe  <  cerebral cortex  <  telencephalon  < gray matter,CA2 field <  hippocampal formation  < limbic lobe,Btn1a1,Di- and mesencephalon inhibitory neurons,Di- and mesencephalon inhibitory neurons
DCDC1,doublecortin domain containing 1,central glial substance,central glial substance <  myelencephalon  < gray matter,central glial substance <  myelencephalon  < gray matter,NA,NA,NA
DCDC1,doublecortin domain containing 1,central glial substance,central glial substance <  myelencephalon  < gray matter,central glial substance <  myelencephalon  < gray matter,NA,NA,NA
ZDHHC21,zinc finger DHHC-type palmitoyltransferase 21,VIIIB lateral hemisphere,VIIIB lateral hemisphere <  VIIIB  <  Posterior Lobe  <  cerebellar hemispheres  <  cerebellar cortex  <  cerebellum  <  metencephalon  < gray matter,VIIIB lateral hemisphere <  VIIIB  <  Posterior Lobe  <  cerebellar hemispheres  < cerebellar cortex,Zdhhc21,Hindbrain neurons,Peripheral sensory neurofilament neurons
TTC12,tetratricopeptide repeat domain 12,central glial substance,central glial substance <  myelencephalon  < gray matter,central glial substance <  myelencephalon  < gray matter,Ttc12,Ependymal cells,Ependymal cells
SDK1,sidekick cell adhesion molecule 1,CA3 field,CA3 field <  hippocampal formation  <  limbic lobe  <  cerebral cortex  <  telencephalon  < gray matter,CA3 field <  hippocampal formation  < limbic lobe,Sdk1,Cholinergic and monoaminergic neurons,Peripheral sensory peptidergic neurons
APOPT1,NA,supramarginal gyrus superior bank of gyrus,supramarginal gyrus superior bank of gyrus <  supramarginal gyrus  <  inferior parietal lobule  <  parietal lobe  <  cerebral cortex  <  telencephalon  < gray matter,supramarginal gyrus superior bank of gyrus <  supramarginal gyrus  <  inferior parietal lobule  < parietal lobe,Apopt1,Telencephalon projecting excitatory neurons,Sympathetic cholinergic neurons
VRK2,VRK serine/threonine kinase 2,corpus callosum,corpus callosum <  telencephalic commissures  <  telencephalic white matter  < white matter,corpus callosum < telencephalic commissures,Vrk2,Microglia,Microglia
CABP1,calcium binding protein 1,postcentral gyrus bank of the central sulcus,postcentral gyrus bank of the central sulcus <  postcentral gyrus  <  parietal lobe  <  cerebral cortex  <  telencephalon  < gray matter,postcentral gyrus bank of the central sulcus <  postcentral gyrus  < parietal lobe,NA,NA,NA
ZKSCAN3,zinc finger with KRAB and SCAN domains 3,CA3 field,CA3 field <  hippocampal formation  <  limbic lobe  <  cerebral cortex  <  telencephalon  < gray matter,CA3 field <  hippocampal formation  < limbic lobe,Zkscan3,Choroid epithelial cells,Enteric neurons
SAMD5,sterile alpha motif domain containing 5,locus ceruleus,locus ceruleus <  pontine tegmentum  <  pons  <  metencephalon  < gray matter,locus ceruleus < pontine tegmentum,Samd5,Di- and mesencephalon inhibitory neurons,Enteric neurons
ADCK3,NA,V lateral hemisphere,V lateral hemisphere <  V  <  Anterior Lobe  <  cerebellar hemispheres  <  cerebellar cortex  <  cerebellum  <  metencephalon  < gray matter,V lateral hemisphere <  V  <  Anterior Lobe  <  cerebellar hemispheres  < cerebellar cortex,Adck3,Hindbrain neurons,Sympathetic noradrenergic neurons
DENND1B,DENN domain containing 1B,abducens nucleus,abducens nucleus <  pontine tegmentum  <  pons  <  metencephalon  < gray matter,abducens nucleus < pontine tegmentum,Dennd1b,Hindbrain neurons,Hindbrain neurons
TAOK3,TAO kinase 3,globus pallidus external segment,globus pallidus external segment <  globus pallidus  <  basal ganglia  <  cerebral nuclei  <  telencephalon  < gray matter,globus pallidus external segment <  globus pallidus  < basal ganglia,Taok3,Cholinergic and monoaminergic neurons,Peripheral sensory non-peptidergic neurons
HS6ST3,heparan sulfate 6-O-sulfotransferase 3,dorsal lateral geniculate nucleus,dorsal lateral geniculate nucleus <  dorsal lateral geneiculate nucleus  <  dorsal thalamus  <  thalamus  <  diencephalon  < gray matter,dorsal lateral geniculate nucleus <  dorsal lateral geneiculate nucleus  < dorsal thalamus,Hs6st3,Spinal cord inhibitory neurons,Spinal cord inhibitory neurons
MYRF,myelin regulatory factor,corpus callosum,corpus callosum <  telencephalic commissures  <  telencephalic white matter  < white matter,corpus callosum < telencephalic commissures,Myrf,Oligodendrocytes,Oligodendrocytes
RTN1,reticulon 1,superior rostral gyrus,superior rostral gyrus <  frontal lobe  <  cerebral cortex  <  telencephalon  < gray matter,superior rostral gyrus < frontal lobe,Rtn1,Cholinergic and monoaminergic neurons,Sympathetic noradrenergic neurons
PSORS1C1,psoriasis susceptibility 1 candidate 1,temporal pole superior aspect,temporal pole superior aspect <  temporal pole  <  temporal lobe  <  cerebral cortex  <  telencephalon  < gray matter,temporal pole superior aspect <  temporal pole  < temporal lobe,NA,NA,NA
CKB,creatine kinase B,dorsal lateral geniculate nucleus,dorsal lateral geniculate nucleus <  dorsal lateral geneiculate nucleus  <  dorsal thalamus  <  thalamus  <  diencephalon  < gray matter,dorsal lateral geniculate nucleus <  dorsal lateral geneiculate nucleus  < dorsal thalamus,Ckb,Subcommissural organ hypendymal cells,Peripheral sensory neurofilament neurons
SF3B1,splicing factor 3b subunit 1,corpus callosum,corpus callosum <  telencephalic commissures  <  telencephalic white matter  < white matter,corpus callosum < telencephalic commissures,Sf3b1,Telencephalon projecting excitatory neurons,Enteric neurons
FADS2,fatty acid desaturase 2,central glial substance,central glial substance <  myelencephalon  < gray matter,central glial substance <  myelencephalon  < gray matter,Fads2,Satellite glia,Satellite glia
GTF2IRD1,GTF2I repeat domain containing 1,dorsal lateral geniculate nucleus,dorsal lateral geniculate nucleus <  dorsal lateral geneiculate nucleus  <  dorsal thalamus  <  thalamus  <  diencephalon  < gray matter,dorsal lateral geniculate nucleus <  dorsal lateral geneiculate nucleus  < dorsal thalamus,Gtf2ird1,Choroid epithelial cells,Enteric neurons
NRD1,NA,dorsal lateral geniculate nucleus,dorsal lateral geniculate nucleus <  dorsal lateral geneiculate nucleus  <  dorsal thalamus  <  thalamus  <  diencephalon  < gray matter,dorsal lateral geniculate nucleus <  dorsal lateral geneiculate nucleus  < dorsal thalamus,Nrd1,Cholinergic and monoaminergic neurons,Enteric neurons
ZC3H7B,zinc finger CCCH-type containing 7B,pontine nuclei,pontine nuclei <  basal part of pons  <  pons  <  metencephalon  < gray matter,pontine nuclei < basal part of pons,Zc3h7b,Cholinergic and monoaminergic neurons,Sympathetic cholinergic neurons
AREL1,apoptosis resistant E3 ubiquitin protein ligase 1,V,V <  anterior lobe of the vermis  <  vermis  <  cerebellar cortex  <  cerebellum  <  metencephalon  < gray matter,V <  anterior lobe of the vermis  <  vermis  < cerebellar cortex,Arel1,Telencephalon projecting inhibitory neurons,Sympathetic noradrenergic neurons
RANGAP1,Ran GTPase activating protein 1,supramarginal gyrus superior bank of gyrus,supramarginal gyrus superior bank of gyrus <  supramarginal gyrus  <  inferior parietal lobule  <  parietal lobe  <  cerebral cortex  <  telencephalon  < gray matter,supramarginal gyrus superior bank of gyrus <  supramarginal gyrus  <  inferior parietal lobule  < parietal lobe,Rangap1,Cholinergic and monoaminergic neurons,Cholinergic and monoaminergic neurons
ZNF184,zinc finger protein 184,CA1 field,CA1 field <  hippocampal formation  <  limbic lobe  <  cerebral cortex  <  telencephalon  < gray matter,CA1 field <  hippocampal formation  < limbic lobe,Zfp184,Non-glutamatergic neuroblasts,Non-glutamatergic neuroblasts
ZDHHC5,zinc finger DHHC-type palmitoyltransferase 5,dorsal lateral geniculate nucleus,dorsal lateral geniculate nucleus <  dorsal lateral geneiculate nucleus  <  dorsal thalamus  <  thalamus  <  diencephalon  < gray matter,dorsal lateral geniculate nucleus <  dorsal lateral geneiculate nucleus  < dorsal thalamus,Zdhhc5,Cholinergic and monoaminergic neurons,Sympathetic cholinergic neurons
HIST1H2BF,NA,central glial substance,central glial substance <  myelencephalon  < gray matter,central glial substance <  myelencephalon  < gray matter,Hist1h2be,Ependymal cells,Ependymal cells
FAM120A,family with sequence similarity 120A,inferior olivary complex,inferior olivary complex <  myelencephalon  < gray matter,inferior olivary complex <  myelencephalon  < gray matter,Fam120a,Cholinergic and monoaminergic neurons,Enteric neurons
KIF15,kinesin family member 15,lingual gyrus striate,lingual gyrus striate <  lingual gyrus  <  occipital lobe  <  cerebral cortex  <  telencephalon  < gray matter,lingual gyrus striate <  lingual gyrus  < occipital lobe,Kif15,Oligodendrocyte precursor cells,Oligodendrocyte precursor cells
NKAPL,NFKB activating protein like,principal sensory nucleus of trigeminal nerve,principal sensory nucleus of trigeminal nerve <  trigeminal nuclei  <  pontine tegmentum  <  pons  <  metencephalon  < gray matter,principal sensory nucleus of trigeminal nerve <  trigeminal nuclei  < pontine tegmentum,Nkapl,Ependymal cells,Ependymal cells
FCF1,FCF1 rRNA-processing protein,central glial substance,central glial substance <  myelencephalon  < gray matter,central glial substance <  myelencephalon  < gray matter,Fcf1,Cholinergic and monoaminergic neurons,Sympathetic noradrenergic neurons
SORBS3,sorbin and SH3 domain containing 3,cuneate nucleus,cuneate nucleus <  myelencephalon  < gray matter,cuneate nucleus <  myelencephalon  < gray matter,Sorbs3,Choroid epithelial cells,Choroid epithelial cells
PCDHA2,protocadherin alpha 2,midbrain raphe nuclei,midbrain raphe nuclei <  midbrain tegmentum  <  mesencephalon  < gray matter,midbrain raphe nuclei < midbrain tegmentum,Pcdha2,Spinal cord inhibitory neurons,Spinal cord inhibitory neurons
PCDHA1,protocadherin alpha 1,midbrain raphe nuclei,midbrain raphe nuclei <  midbrain tegmentum  <  mesencephalon  < gray matter,midbrain raphe nuclei < midbrain tegmentum,Pcdha1,Telencephalon inhibitory interneurons,Sympathetic cholinergic neurons
PRR34,PRR34 long non-coding RNA,preoptic region,preoptic region <  hypothalamus  <  diencephalon  < gray matter,preoptic region < hypothalamus,NA,NA,NA
SCYL1,SCY1 like pseudokinase 1,dorsal lateral geniculate nucleus,dorsal lateral geniculate nucleus <  dorsal lateral geneiculate nucleus  <  dorsal thalamus  <  thalamus  <  diencephalon  < gray matter,dorsal lateral geniculate nucleus <  dorsal lateral geneiculate nucleus  < dorsal thalamus,Scyl1,Hindbrain neurons,Sympathetic cholinergic neurons
MR1,"major histocompatibility complex, class I-related",central glial substance,central glial substance <  myelencephalon  < gray matter,central glial substance <  myelencephalon  < gray matter,Mr1,Choroid epithelial cells,Choroid epithelial cells
BTN3A3,butyrophilin subfamily 3 member A3,supraoptic nucleus,supraoptic nucleus <  anterior hypothalamic region  <  hypothalamus  <  diencephalon  < gray matter,supraoptic nucleus < anterior hypothalamic region,NA,NA,NA
TCTEX1D1,Tctex1 domain containing 1,central glial substance,central glial substance <  myelencephalon  < gray matter,central glial substance <  myelencephalon  < gray matter,Tctex1d1,Ependymal cells,Ependymal cells
CELF2,CUGBP Elav-like family member 2,lateral group of nuclei ventral division,lateral group of nuclei ventral division <  lateral group of nuclei  <  dorsal thalamus  <  thalamus  <  diencephalon  < gray matter,lateral group of nuclei ventral division <  lateral group of nuclei  < dorsal thalamus,Celf2,Telencephalon projecting excitatory neurons,Telencephalon projecting excitatory neurons
CTNND1,catenin delta 1,central glial substance,central glial substance <  myelencephalon  < gray matter,central glial substance <  myelencephalon  < gray matter,Ctnnd1,Pericytes,Peripheral sensory non-peptidergic neurons
HSPA1A,heat shock protein family A (Hsp70) member 1A,corpus callosum,corpus callosum <  telencephalic commissures  <  telencephalic white matter  < white matter,corpus callosum < telencephalic commissures,Hspa1a,Enteric glia,Enteric glia
ASCC3,activating signal cointegrator 1 complex subunit 3,dentate gyrus,dentate gyrus <  hippocampal formation  <  limbic lobe  <  cerebral cortex  <  telencephalon  < gray matter,dentate gyrus <  hippocampal formation  < limbic lobe,Ascc3,Cholinergic and monoaminergic neurons,Enteric neurons
ELAVL2,ELAV like RNA binding protein 2,substantia nigra pars compacta,substantia nigra pars compacta <  substantia nigra  <  midbrain tegmentum  <  mesencephalon  < gray matter,substantia nigra pars compacta < substantia nigra,Elavl2,Cholinergic and monoaminergic neurons,Cholinergic and monoaminergic neurons
HIST1H2BO,NA,III paravermis,III paravermis <  III  <  Anterior Lobe  <  cerebellar hemispheres  <  cerebellar cortex  <  cerebellum  <  metencephalon  < gray matter,III paravermis <  III  <  Anterior Lobe  <  cerebellar hemispheres  < cerebellar cortex,Hist1h2bp,Ependymal cells,Ependymal cells
RPS6KL1,ribosomal protein S6 kinase like 1,V,V <  anterior lobe of the vermis  <  vermis  <  cerebellar cortex  <  cerebellum  <  metencephalon  < gray matter,V <  anterior lobe of the vermis  <  vermis  < cerebellar cortex,Rps6kl1,Cholinergic and monoaminergic neurons,Sympathetic noradrenergic neurons
PCDHA3,protocadherin alpha 3,midbrain raphe nuclei,midbrain raphe nuclei <  midbrain tegmentum  <  mesencephalon  < gray matter,midbrain raphe nuclei < midbrain tegmentum,Pcdha3,Cholinergic and monoaminergic neurons,Cholinergic and monoaminergic neurons
TRMT10C,"tRNA methyltransferase 10C, mitochondrial RNase P subunit",subthalamic nucleus,subthalamic nucleus <  subthalamus  <  diencephalon  < gray matter,subthalamic nucleus < subthalamus,Trmt10c,Schwann cells,Sympathetic noradrenergic neurons
ABT1,activator of basal transcription 1,VIIIB lateral hemisphere,VIIIB lateral hemisphere <  VIIIB  <  Posterior Lobe  <  cerebellar hemispheres  <  cerebellar cortex  <  cerebellum  <  metencephalon  < gray matter,VIIIB lateral hemisphere <  VIIIB  <  Posterior Lobe  <  cerebellar hemispheres  < cerebellar cortex,Abt1,Schwann cells,Sympathetic cholinergic neurons
SCAI,suppressor of cancer cell invasion,cuneus striate,cuneus striate <  cuneus  <  occipital lobe  <  cerebral cortex  <  telencephalon  < gray matter,cuneus striate <  cuneus  < occipital lobe,Scai,Cholinergic and monoaminergic neurons,Cholinergic and monoaminergic neurons
FADS1,fatty acid desaturase 1,central glial substance,central glial substance <  myelencephalon  < gray matter,central glial substance <  myelencephalon  < gray matter,Fads1,Satellite glia,Satellite glia
CTTNBP2,cortactin binding protein 2,corpus callosum,corpus callosum <  telencephalic commissures  <  telencephalic white matter  < white matter,corpus callosum < telencephalic commissures,Cttnbp2,Telencephalon projecting excitatory neurons,Telencephalon projecting excitatory neurons
KMT2A,lysine methyltransferase 2A,VIIIB lateral hemisphere,VIIIB lateral hemisphere <  VIIIB  <  Posterior Lobe  <  cerebellar hemispheres  <  cerebellar cortex  <  cerebellum  <  metencephalon  < gray matter,VIIIB lateral hemisphere <  VIIIB  <  Posterior Lobe  <  cerebellar hemispheres  < cerebellar cortex,Kmt2a,Cholinergic and monoaminergic neurons,Cholinergic and monoaminergic neurons
BEND4,BEN domain containing 4,substantia nigra pars compacta,substantia nigra pars compacta <  substantia nigra  <  midbrain tegmentum  <  mesencephalon  < gray matter,substantia nigra pars compacta < substantia nigra,Bend4,Cholinergic and monoaminergic neurons,Cholinergic and monoaminergic neurons
ESRRG,estrogen related receptor gamma,pontine nuclei,pontine nuclei <  basal part of pons  <  pons  <  metencephalon  < gray matter,pontine nuclei < basal part of pons,Esrrg,Hindbrain neurons,Hindbrain neurons
BAZ2B,bromodomain adjacent to zinc finger domain 2B,corpus callosum,corpus callosum <  telencephalic commissures  <  telencephalic white matter  < white matter,corpus callosum < telencephalic commissures,Baz2b,Cholinergic and monoaminergic neurons,Enteric neurons
GPC5,glypican 5,pontine nuclei,pontine nuclei <  basal part of pons  <  pons  <  metencephalon  < gray matter,pontine nuclei < basal part of pons,Gpc5,Astrocytes,Peripheral sensory non-peptidergic neurons
IQCJ-SCHIP1,IQCJ-SCHIP1 readthrough,CA3 field,CA3 field <  hippocampal formation  <  limbic lobe  <  cerebral cortex  <  telencephalon  < gray matter,CA3 field <  hippocampal formation  < limbic lobe,Gm21949,NA,NA
TCAIM,"T cell activation inhibitor, mitochondrial",III paravermis,III paravermis <  III  <  Anterior Lobe  <  cerebellar hemispheres  <  cerebellar cortex  <  cerebellum  <  metencephalon  < gray matter,III paravermis <  III  <  Anterior Lobe  <  cerebellar hemispheres  < cerebellar cortex,Tcaim,Cholinergic and monoaminergic neurons,Peripheral sensory neurofilament neurons
TMX2,thioredoxin related transmembrane protein 2,subthalamic nucleus,subthalamic nucleus <  subthalamus  <  diencephalon  < gray matter,subthalamic nucleus < subthalamus,Tmx2,Cholinergic and monoaminergic neurons,Sympathetic noradrenergic neurons
SLC17A3,solute carrier family 17 member 3,VIIB,VIIB <  posterior lobe of the vermis  <  vermis  <  cerebellar cortex  <  cerebellum  <  metencephalon  < gray matter,VIIB <  posterior lobe of the vermis  <  vermis  < cerebellar cortex,Slc17a3,Telencephalon projecting excitatory neurons,Telencephalon projecting excitatory neurons
MED19,mediator complex subunit 19,CA4 field,CA4 field <  hippocampal formation  <  limbic lobe  <  cerebral cortex  <  telencephalon  < gray matter,CA4 field <  hippocampal formation  < limbic lobe,Med19,Ependymal cells,Sympathetic cholinergic neurons
ZNF638,zinc finger protein 638,VIIIB lateral hemisphere,VIIIB lateral hemisphere <  VIIIB  <  Posterior Lobe  <  cerebellar hemispheres  <  cerebellar cortex  <  cerebellum  <  metencephalon  < gray matter,VIIIB lateral hemisphere <  VIIIB  <  Posterior Lobe  <  cerebellar hemispheres  < cerebellar cortex,Zfml,NA,NA
CDH22,cadherin 22,IV,IV <  anterior lobe of the vermis  <  vermis  <  cerebellar cortex  <  cerebellum  <  metencephalon  < gray matter,IV <  anterior lobe of the vermis  <  vermis  < cerebellar cortex,Cdh22,Cholinergic and monoaminergic neurons,Cholinergic and monoaminergic neurons
GRIK5,glutamate ionotropic receptor kainate type subunit 5,CA3 field,CA3 field <  hippocampal formation  <  limbic lobe  <  cerebral cortex  <  telencephalon  < gray matter,CA3 field <  hippocampal formation  < limbic lobe,Grik5,Telencephalon projecting excitatory neurons,Telencephalon projecting excitatory neurons
HARS,NA,dorsal lateral geniculate nucleus,dorsal lateral geniculate nucleus <  dorsal lateral geneiculate nucleus  <  dorsal thalamus  <  thalamus  <  diencephalon  < gray matter,dorsal lateral geniculate nucleus <  dorsal lateral geneiculate nucleus  < dorsal thalamus,Hars,Cholinergic and monoaminergic neurons,Sympathetic noradrenergic neurons
HSPE1-MOB4,HSPE1-MOB4 readthrough,medial mammillary nucleus,medial mammillary nucleus <  mammillary body  <  mammillary region  <  hypothalamus  <  diencephalon  < gray matter,medial mammillary nucleus <  mammillary body  < mammillary region,NA,NA,NA
EP300,E1A binding protein p300,IV,IV <  anterior lobe of the vermis  <  vermis  <  cerebellar cortex  <  cerebellum  <  metencephalon  < gray matter,IV <  anterior lobe of the vermis  <  vermis  < cerebellar cortex,Ep300,Cholinergic and monoaminergic neurons,Enteric neurons
HLA-DQB1,"major histocompatibility complex, class II, DQ beta 1",supraoptic nucleus,supraoptic nucleus <  anterior hypothalamic region  <  hypothalamus  <  diencephalon  < gray matter,supraoptic nucleus < anterior hypothalamic region,H2-Ab1,Oligodendrocytes,Oligodendrocytes
PCNP,PEST proteolytic signal containing nuclear protein,globus pallidus external segment,globus pallidus external segment <  globus pallidus  <  basal ganglia  <  cerebral nuclei  <  telencephalon  < gray matter,globus pallidus external segment <  globus pallidus  < basal ganglia,Pcnp,Cholinergic and monoaminergic neurons,Enteric neurons
ZHX3,zinc fingers and homeoboxes 3,globus pallidus internal segment,globus pallidus internal segment <  globus pallidus  <  basal ganglia  <  cerebral nuclei  <  telencephalon  < gray matter,globus pallidus internal segment <  globus pallidus  < basal ganglia,Zhx3,Cholinergic and monoaminergic neurons,Cholinergic and monoaminergic neurons
BCHE,butyrylcholinesterase,lateral group of nuclei dorsal division,lateral group of nuclei dorsal division <  lateral group of nuclei  <  dorsal thalamus  <  thalamus  <  diencephalon  < gray matter,lateral group of nuclei dorsal division <  lateral group of nuclei  < dorsal thalamus,Bche,Cholinergic and monoaminergic neurons,Enteric neurons
CRB1,crumbs cell polarity complex component 1,central glial substance,central glial substance <  myelencephalon  < gray matter,central glial substance <  myelencephalon  < gray matter,Crb1,Cholinergic and monoaminergic neurons,Cholinergic and monoaminergic neurons
C3orf84,chromosome 3 open reading frame 84,subcuneiform nucleus,subcuneiform nucleus <  midbrain reticular formation  <  midbrain tegmentum  <  mesencephalon  < gray matter,subcuneiform nucleus < midbrain reticular formation,BC048562,Telencephalon projecting inhibitory neurons,Telencephalon projecting inhibitory neurons
MICB,MHC class I polypeptide-related sequence B,dentate gyrus,dentate gyrus <  hippocampal formation  <  limbic lobe  <  cerebral cortex  <  telencephalon  < gray matter,dentate gyrus <  hippocampal formation  < limbic lobe,Mill2,Pericytes,Sympathetic noradrenergic neurons
SLC30A9,solute carrier family 30 member 9,lateral mammillary nucleus,lateral mammillary nucleus <  mammillary body  <  mammillary region  <  hypothalamus  <  diencephalon  < gray matter,lateral mammillary nucleus <  mammillary body  < mammillary region,Slc30a9,Cholinergic and monoaminergic neurons,Cholinergic and monoaminergic neurons
MARK3,microtubule affinity regulating kinase 3,III paravermis,III paravermis <  III  <  Anterior Lobe  <  cerebellar hemispheres  <  cerebellar cortex  <  cerebellum  <  metencephalon  < gray matter,III paravermis <  III  <  Anterior Lobe  <  cerebellar hemispheres  < cerebellar cortex,Mark3,Hindbrain neurons,Peripheral sensory neurofilament neurons
FHIT,fragile histidine triad diadenosine triphosphatase,zona incerta,zona incerta <  ventral thalamus  <  thalamus  <  diencephalon  < gray matter,zona incerta <  ventral thalamus  < thalamus,Fhit,Choroid epithelial cells,Choroid epithelial cells
MARCH10,NA,central glial substance,central glial substance <  myelencephalon  < gray matter,central glial substance <  myelencephalon  < gray matter,March10,Ependymal cells,Ependymal cells
CDK14,cyclin dependent kinase 14,CA4 field,CA4 field <  hippocampal formation  <  limbic lobe  <  cerebral cortex  <  telencephalon  < gray matter,CA4 field <  hippocampal formation  < limbic lobe,Cdk14,Cholinergic and monoaminergic neurons,Cholinergic and monoaminergic neurons
PLCG1,phospholipase C gamma 1,VIIIA lateral hemisphere,VIIIA lateral hemisphere <  VIIIA  <  Posterior Lobe  <  cerebellar hemispheres  <  cerebellar cortex  <  cerebellum  <  metencephalon  < gray matter,VIIIA lateral hemisphere <  VIIIA  <  Posterior Lobe  <  cerebellar hemispheres  < cerebellar cortex,Plcg1,Cholinergic and monoaminergic neurons,Cholinergic and monoaminergic neurons
PSORS1C2,psoriasis susceptibility 1 candidate 2,lateral parabrachial nucleus,lateral parabrachial nucleus <  pontine tegmentum  <  pons  <  metencephalon  < gray matter,lateral parabrachial nucleus < pontine tegmentum,Psors1c2,Vascular endothelial cells,Vascular endothelial cells
AP3B1,adaptor related protein complex 3 subunit beta 1,corpus callosum,corpus callosum <  telencephalic commissures  <  telencephalic white matter  < white matter,corpus callosum < telencephalic commissures,Ap3b1,Choroid epithelial cells,Sympathetic noradrenergic neurons
POGZ,pogo transposable element derived with ZNF domain,corpus callosum,corpus callosum <  telencephalic commissures  <  telencephalic white matter  < white matter,corpus callosum < telencephalic commissures,Pogz,Cholinergic and monoaminergic neurons,Enteric neurons
TRAF3,TNF receptor associated factor 3,central glial substance,central glial substance <  myelencephalon  < gray matter,central glial substance <  myelencephalon  < gray matter,Traf3,Hindbrain neurons,Hindbrain neurons
CSMD1,CUB and Sushi multiple domains 1,dentate gyrus,dentate gyrus <  hippocampal formation  <  limbic lobe  <  cerebral cortex  <  telencephalon  < gray matter,dentate gyrus <  hippocampal formation  < limbic lobe,Csmd1,Telencephalon projecting excitatory neurons,Peripheral sensory non-peptidergic neurons
TMEM67,transmembrane protein 67,central glial substance,central glial substance <  myelencephalon  < gray matter,central glial substance <  myelencephalon  < gray matter,Tmem67,Ependymal cells,Ependymal cells
PCDHA4,protocadherin alpha 4,midbrain raphe nuclei,midbrain raphe nuclei <  midbrain tegmentum  <  mesencephalon  < gray matter,midbrain raphe nuclei < midbrain tegmentum,Pcdha4,Telencephalon inhibitory interneurons,Enteric neurons
TOPAZ1,testis and ovary specific PAZ domain containing 1,CA1 field,CA1 field <  hippocampal formation  <  limbic lobe  <  cerebral cortex  <  telencephalon  < gray matter,CA1 field <  hippocampal formation  < limbic lobe,Topaz1,Hindbrain neurons,Peripheral sensory non-peptidergic neurons
PMFBP1,polyamine modulated factor 1 binding protein 1,locus ceruleus,locus ceruleus <  pontine tegmentum  <  pons  <  metencephalon  < gray matter,locus ceruleus < pontine tegmentum,Pmfbp1,Cholinergic and monoaminergic neurons,Peripheral sensory neurofilament neurons
CNTN5,contactin 5,dorsal lateral geniculate nucleus,dorsal lateral geniculate nucleus <  dorsal lateral geneiculate nucleus  <  dorsal thalamus  <  thalamus  <  diencephalon  < gray matter,dorsal lateral geniculate nucleus <  dorsal lateral geneiculate nucleus  < dorsal thalamus,Cntn5,Telencephalon projecting inhibitory neurons,Enteric neurons
INPP4B,inositol polyphosphate-4-phosphatase type II B,basal nucleus of meynert,basal nucleus of meynert <  substantia innominata  <  basal forebrain  <  cerebral nuclei  <  telencephalon  < gray matter,basal nucleus of meynert <  substantia innominata  < basal forebrain,Inpp4b,Cholinergic and monoaminergic neurons,Cholinergic and monoaminergic neurons
ZNF322,zinc finger protein 322,zona incerta,zona incerta <  ventral thalamus  <  thalamus  <  diencephalon  < gray matter,zona incerta <  ventral thalamus  < thalamus,Zfp322a,Cholinergic and monoaminergic neurons,Cholinergic and monoaminergic neurons
ASIC2,acid sensing ion channel subunit 2,nucleus of the diagonal band horizontal division,nucleus of the diagonal band horizontal division <  nucleus of the diagonal band  <  substantia innominata  <  basal forebrain  <  cerebral nuclei  <  telencephalon  < gray matter,nucleus of the diagonal band horizontal division <  nucleus of the diagonal band  <  substantia innominata  < basal forebrain,Asic2,Cholinergic and monoaminergic neurons,Peripheral sensory non-peptidergic neurons
PLA2R1,phospholipase A2 receptor 1,IV lateral hemisphere,IV lateral hemisphere <  IV  <  Anterior Lobe  <  cerebellar hemispheres  <  cerebellar cortex  <  cerebellum  <  metencephalon  < gray matter,IV lateral hemisphere <  IV  <  Anterior Lobe  <  cerebellar hemispheres  < cerebellar cortex,Pla2r1,Vascular smooth muscle cells,Vascular smooth muscle cells
CHMP3,charged multivesicular body protein 3,claustrum,claustrum <  cerebral nuclei  <  telencephalon  < gray matter,claustrum < cerebral nuclei,Chmp3,Cholinergic and monoaminergic neurons,Sympathetic cholinergic neurons
SOX6,SRY-box transcription factor 6,nucleus of the diagonal band horizontal division,nucleus of the diagonal band horizontal division <  nucleus of the diagonal band  <  substantia innominata  <  basal forebrain  <  cerebral nuclei  <  telencephalon  < gray matter,nucleus of the diagonal band horizontal division <  nucleus of the diagonal band  <  substantia innominata  < basal forebrain,Sox6,Oligodendrocyte precursor cells,Oligodendrocyte precursor cells
PCDHA5,protocadherin alpha 5,midbrain raphe nuclei,midbrain raphe nuclei <  midbrain tegmentum  <  mesencephalon  < gray matter,midbrain raphe nuclei < midbrain tegmentum,Pcdha5,Telencephalon projecting excitatory neurons,Telencephalon projecting excitatory neurons
FANCL,FA complementation group L,corpus callosum,corpus callosum <  telencephalic commissures  <  telencephalic white matter  < white matter,corpus callosum < telencephalic commissures,Fancl,Choroid epithelial cells,Sympathetic noradrenergic neurons
ZNF35,zinc finger protein 35,zona incerta,zona incerta <  ventral thalamus  <  thalamus  <  diencephalon  < gray matter,zona incerta <  ventral thalamus  < thalamus,Zfp105,Subcommissural organ hypendymal cells,Sympathetic cholinergic neurons
TMEM42,transmembrane protein 42,corpus callosum,corpus callosum <  telencephalic commissures  <  telencephalic white matter  < white matter,corpus callosum < telencephalic commissures,Tmem42,Telencephalon projecting excitatory neurons,Peripheral sensory non-peptidergic neurons
KIAA1143,KIAA1143,locus ceruleus,locus ceruleus <  pontine tegmentum  <  pons  <  metencephalon  < gray matter,locus ceruleus < pontine tegmentum,1110059G10Rik,Telencephalon projecting excitatory neurons,Sympathetic noradrenergic neurons
C11orf31,NA,superior temporal gyrus lateral bank of gyrus,superior temporal gyrus lateral bank of gyrus <  superior temporal gyrus  <  temporal lobe  <  cerebral cortex  <  telencephalon  < gray matter,superior temporal gyrus lateral bank of gyrus <  superior temporal gyrus  < temporal lobe,2700094K13Rik,Telencephalon inhibitory interneurons,Sympathetic cholinergic neurons
ACVR1B,activin A receptor type 1B,CA3 field,CA3 field <  hippocampal formation  <  limbic lobe  <  cerebral cortex  <  telencephalon  < gray matter,CA3 field <  hippocampal formation  < limbic lobe,Acvr1b,Cholinergic and monoaminergic neurons,Cholinergic and monoaminergic neurons
ZNF501,zinc finger protein 501,VIIIB lateral hemisphere,VIIIB lateral hemisphere <  VIIIB  <  Posterior Lobe  <  cerebellar hemispheres  <  cerebellar cortex  <  cerebellum  <  metencephalon  < gray matter,VIIIB lateral hemisphere <  VIIIB  <  Posterior Lobe  <  cerebellar hemispheres  < cerebellar cortex,NA,NA,NA
RFTN2,raftlin family member 2,corpus callosum,corpus callosum <  telencephalic commissures  <  telencephalic white matter  < white matter,corpus callosum < telencephalic commissures,Rftn2,Enteric glia,Enteric glia
TMEM258,transmembrane protein 258,corpus callosum,corpus callosum <  telencephalic commissures  <  telencephalic white matter  < white matter,corpus callosum < telencephalic commissures,Tmem258,Oligodendrocytes,Sympathetic noradrenergic neurons
TAL1,"TAL bHLH transcription factor 1, erythroid differentiation factor",superior olivary complex,superior olivary complex <  pontine tegmentum  <  pons  <  metencephalon  < gray matter,superior olivary complex < pontine tegmentum,Tal1,Di- and mesencephalon inhibitory neurons,Di- and mesencephalon inhibitory neurons
NICN1,nicolin 1,fusiform gyrus bank of cos,fusiform gyrus bank of cos <  fusiform gyrus  <  temporal lobe  <  cerebral cortex  <  telencephalon  < gray matter,fusiform gyrus bank of cos <  fusiform gyrus  < temporal lobe,Nicn1,Cholinergic and monoaminergic neurons,Sympathetic noradrenergic neurons
HLA-DQA1,"major histocompatibility complex, class II, DQ alpha 1",supraoptic nucleus,supraoptic nucleus <  anterior hypothalamic region  <  hypothalamus  <  diencephalon  < gray matter,supraoptic nucleus < anterior hypothalamic region,H2-Aa,Perivascular macrophages,Perivascular macrophages
ACTL8,actin like 8,globose nucleus,globose nucleus <  cerebellar nuclei  <  cerebellum  <  metencephalon  < gray matter,globose nucleus < cerebellar nuclei,NA,NA,NA
MOB4,"MOB family member 4, phocein",medial geniculate complex,medial geniculate complex <  dorsal thalamus  <  thalamus  <  diencephalon  < gray matter,medial geniculate complex < dorsal thalamus,Mob4,Cholinergic and monoaminergic neurons,Sympathetic noradrenergic neurons
CCDC36,NA,globose nucleus,globose nucleus <  cerebellar nuclei  <  cerebellum  <  metencephalon  < gray matter,globose nucleus < cerebellar nuclei,Ccdc36,Spinal cord inhibitory neurons,Spinal cord inhibitory neurons
PCDHA6,protocadherin alpha 6,VIIIB lateral hemisphere,VIIIB lateral hemisphere <  VIIIB  <  Posterior Lobe  <  cerebellar hemispheres  <  cerebellar cortex  <  cerebellum  <  metencephalon  < gray matter,VIIIB lateral hemisphere <  VIIIB  <  Posterior Lobe  <  cerebellar hemispheres  < cerebellar cortex,Pcdha6,Cholinergic and monoaminergic neurons,Cholinergic and monoaminergic neurons
STK19,serine/threonine kinase 19,VIIIB paravermis,VIIIB paravermis <  VIIIB  <  Posterior Lobe  <  cerebellar hemispheres  <  cerebellar cortex  <  cerebellum  <  metencephalon  < gray matter,VIIIB paravermis <  VIIIB  <  Posterior Lobe  <  cerebellar hemispheres  < cerebellar cortex,Stk19,Telencephalon projecting excitatory neurons,Sympathetic cholinergic neurons
RHOA,ras homolog family member A,corpus callosum,corpus callosum <  telencephalic commissures  <  telencephalic white matter  < white matter,corpus callosum < telencephalic commissures,Rhoa,Enteric glia,Sympathetic noradrenergic neurons
MAP9,microtubule associated protein 9,medial mammillary nucleus,medial mammillary nucleus <  mammillary body  <  mammillary region  <  hypothalamus  <  diencephalon  < gray matter,medial mammillary nucleus <  mammillary body  < mammillary region,Map9,Cholinergic and monoaminergic neurons,Cholinergic and monoaminergic neurons
FNIP2,folliculin interacting protein 2,corpus callosum,corpus callosum <  telencephalic commissures  <  telencephalic white matter  < white matter,corpus callosum < telencephalic commissures,Fnip2,Enteric glia,Sympathetic cholinergic neurons
RBMS3,RNA binding motif single stranded interacting protein 3,medial mammillary nucleus,medial mammillary nucleus <  mammillary body  <  mammillary region  <  hypothalamus  <  diencephalon  < gray matter,medial mammillary nucleus <  mammillary body  < mammillary region,Rbms3,Cholinergic and monoaminergic neurons,Enteric neurons
PLCL1,phospholipase C like 1 (inactive),inferior olivary complex,inferior olivary complex <  myelencephalon  < gray matter,inferior olivary complex <  myelencephalon  < gray matter,Plcl1,Oligodendrocytes,Oligodendrocytes
SLC44A4,solute carrier family 44 member 4,central glial substance,central glial substance <  myelencephalon  < gray matter,central glial substance <  myelencephalon  < gray matter,Slc44a4,Subcommissural organ hypendymal cells,Subcommissural organ hypendymal cells
LTBP3,latent transforming growth factor beta binding protein 3,central glial substance,central glial substance <  myelencephalon  < gray matter,central glial substance <  myelencephalon  < gray matter,Ltbp3,Choroid epithelial cells,Choroid epithelial cells
SPRY2,sprouty RTK signaling antagonist 2,IX paravermis,IX paravermis <  IX  <  Posterior Lobe  <  cerebellar hemispheres  <  cerebellar cortex  <  cerebellum  <  metencephalon  < gray matter,IX paravermis <  IX  <  Posterior Lobe  <  cerebellar hemispheres  < cerebellar cortex,Spry2,Enteric glia,Enteric neurons
C7orf72,NA,NA,NA,NA,4930415F15Rik,Ependymal cells,Peripheral sensory non-peptidergic neurons
HTT,huntingtin,dorsal lateral geniculate nucleus,dorsal lateral geniculate nucleus <  dorsal lateral geneiculate nucleus  <  dorsal thalamus  <  thalamus  <  diencephalon  < gray matter,dorsal lateral geniculate nucleus <  dorsal lateral geneiculate nucleus  < dorsal thalamus,Htt,Cholinergic and monoaminergic neurons,Cholinergic and monoaminergic neurons
UBE2M,ubiquitin conjugating enzyme E2 M,parolfactory gyri,parolfactory gyri <  frontal lobe  <  cerebral cortex  <  telencephalon  < gray matter,parolfactory gyri < frontal lobe,Ube2m,Cholinergic and monoaminergic neurons,Peripheral sensory neurofilament neurons
OTX2,orthodenticle homeobox 2,superior colliculus,superior colliculus <  midbrain tectum  <  mesencephalon  < gray matter,superior colliculus < midbrain tectum,Otx2,Choroid epithelial cells,Choroid epithelial cells
BAG5,BAG cochaperone 5,VIIIB lateral hemisphere,VIIIB lateral hemisphere <  VIIIB  <  Posterior Lobe  <  cerebellar hemispheres  <  cerebellar cortex  <  cerebellum  <  metencephalon  < gray matter,VIIIB lateral hemisphere <  VIIIB  <  Posterior Lobe  <  cerebellar hemispheres  < cerebellar cortex,Bag5,Schwann cells,Sympathetic cholinergic neurons
CDH9,cadherin 9,dentate gyrus,dentate gyrus <  hippocampal formation  <  limbic lobe  <  cerebral cortex  <  telencephalon  < gray matter,dentate gyrus <  hippocampal formation  < limbic lobe,Cdh9,Dentate gyrus granule neurons,Dentate gyrus granule neurons
LPIN3,lipin 3,oculomotor nuclear complex,oculomotor nuclear complex <  midbrain tegmentum  <  mesencephalon  < gray matter,oculomotor nuclear complex < midbrain tegmentum,Lpin3,Vascular and leptomeningeal cells,Vascular and leptomeningeal cells
EPHB2,EPH receptor B2,corpus callosum,corpus callosum <  telencephalic commissures  <  telencephalic white matter  < white matter,corpus callosum < telencephalic commissures,Ephb2,Enteric glia,Enteric glia
HMGN4,high mobility group nucleosomal binding domain 4,lateral mammillary nucleus,lateral mammillary nucleus <  mammillary body  <  mammillary region  <  hypothalamus  <  diencephalon  < gray matter,lateral mammillary nucleus <  mammillary body  < mammillary region,NA,NA,NA
PPP6C,protein phosphatase 6 catalytic subunit,reticular nucleus of thalamus,reticular nucleus of thalamus <  ventral thalamus  <  thalamus  <  diencephalon  < gray matter,reticular nucleus of thalamus < ventral thalamus,Ppp6c,Cholinergic and monoaminergic neurons,Sympathetic cholinergic neurons
NOX4,NADPH oxidase 4,abducens nucleus,abducens nucleus <  pontine tegmentum  <  pons  <  metencephalon  < gray matter,abducens nucleus < pontine tegmentum,Nox4,Spinal cord inhibitory neurons,Enteric neurons
PRR16,proline rich 16,VIIIB lateral hemisphere,VIIIB lateral hemisphere <  VIIIB  <  Posterior Lobe  <  cerebellar hemispheres  <  cerebellar cortex  <  cerebellum  <  metencephalon  < gray matter,VIIIB lateral hemisphere <  VIIIB  <  Posterior Lobe  <  cerebellar hemispheres  < cerebellar cortex,Prr16,Spinal cord excitatory neurons,Spinal cord excitatory neurons
EXT1,exostosin glycosyltransferase 1,CA1 field,CA1 field <  hippocampal formation  <  limbic lobe  <  cerebral cortex  <  telencephalon  < gray matter,CA1 field <  hippocampal formation  < limbic lobe,Ext1,Ependymal cells,Ependymal cells
MGAT4C,MGAT4 family member C,dorsal motor nucleus of the vagus,dorsal motor nucleus of the vagus <  myelencephalon  < gray matter,dorsal motor nucleus of the vagus <  myelencephalon  < gray matter,Mgat4c,Cholinergic and monoaminergic neurons,Cholinergic and monoaminergic neurons
EYS,eyes shut homolog,VIIIB lateral hemisphere,VIIIB lateral hemisphere <  VIIIB  <  Posterior Lobe  <  cerebellar hemispheres  <  cerebellar cortex  <  cerebellum  <  metencephalon  < gray matter,VIIIB lateral hemisphere <  VIIIB  <  Posterior Lobe  <  cerebellar hemispheres  < cerebellar cortex,NA,NA,NA
STAU1,staufen double-stranded RNA binding protein 1,motor nucleus of trigeminal nerve,motor nucleus of trigeminal nerve <  trigeminal nuclei  <  pontine tegmentum  <  pons  <  metencephalon  < gray matter,motor nucleus of trigeminal nerve <  trigeminal nuclei  < pontine tegmentum,Stau1,Cholinergic and monoaminergic neurons,Cholinergic and monoaminergic neurons
HARS2,"histidyl-tRNA synthetase 2, mitochondrial",VIIIB lateral hemisphere,VIIIB lateral hemisphere <  VIIIB  <  Posterior Lobe  <  cerebellar hemispheres  <  cerebellar cortex  <  cerebellum  <  metencephalon  < gray matter,VIIIB lateral hemisphere <  VIIIB  <  Posterior Lobe  <  cerebellar hemispheres  < cerebellar cortex,Hars2,Cholinergic and monoaminergic neurons,Cholinergic and monoaminergic neurons
BAD,BCL2 associated agonist of cell death,superior rostral gyrus,superior rostral gyrus <  frontal lobe  <  cerebral cortex  <  telencephalon  < gray matter,superior rostral gyrus < frontal lobe,Bad,Spinal cord inhibitory neurons,Sympathetic cholinergic neurons
MYBPC3,myosin binding protein C3,motor nucleus of trigeminal nerve,motor nucleus of trigeminal nerve <  trigeminal nuclei  <  pontine tegmentum  <  pons  <  metencephalon  < gray matter,motor nucleus of trigeminal nerve <  trigeminal nuclei  < pontine tegmentum,Mybpc3,Cerebellum neurons,Cerebellum neurons
ETFDH,electron transfer flavoprotein dehydrogenase,globus pallidus internal segment,globus pallidus internal segment <  globus pallidus  <  basal ganglia  <  cerebral nuclei  <  telencephalon  < gray matter,globus pallidus internal segment <  globus pallidus  < basal ganglia,Etfdh,Choroid epithelial cells,Sympathetic cholinergic neurons
SIM1,SIM bHLH transcription factor 1,paraventricular nucleus of the hypothalamus,paraventricular nucleus of the hypothalamus <  anterior hypothalamic region  <  hypothalamus  <  diencephalon  < gray matter,paraventricular nucleus of the hypothalamus < anterior hypothalamic region,Sim1,Peptidergic neurons,Peptidergic neurons
FH,fumarate hydratase,dentate gyrus,dentate gyrus <  hippocampal formation  <  limbic lobe  <  cerebral cortex  <  telencephalon  < gray matter,dentate gyrus <  hippocampal formation  < limbic lobe,Fh1,Hindbrain neurons,Sympathetic cholinergic neurons
ANKS1B,ankyrin repeat and sterile alpha motif domain containing 1B,CA1 field,CA1 field <  hippocampal formation  <  limbic lobe  <  cerebral cortex  <  telencephalon  < gray matter,CA1 field <  hippocampal formation  < limbic lobe,Anks1b,Oligodendrocytes,Oligodendrocytes
ITPR3,"inositol 1,4,5-trisphosphate receptor type 3",supraoptic nucleus,supraoptic nucleus <  anterior hypothalamic region  <  hypothalamus  <  diencephalon  < gray matter,supraoptic nucleus < anterior hypothalamic region,Itpr3,Satellite glia,Satellite glia
RABEPK,Rab9 effector protein with kelch motifs,zona incerta,zona incerta <  ventral thalamus  <  thalamus  <  diencephalon  < gray matter,zona incerta <  ventral thalamus  < thalamus,Rabepk,Telencephalon inhibitory interneurons,Sympathetic cholinergic neurons
RHOBTB1,Rho related BTB domain containing 1,central glial substance,central glial substance <  myelencephalon  < gray matter,central glial substance <  myelencephalon  < gray matter,Rhobtb1,Pericytes,Pericytes
BSN,bassoon presynaptic cytomatrix protein,CA3 field,CA3 field <  hippocampal formation  <  limbic lobe  <  cerebral cortex  <  telencephalon  < gray matter,CA3 field <  hippocampal formation  < limbic lobe,Bsn,Telencephalon projecting excitatory neurons,Telencephalon projecting excitatory neurons
RAB3B,"RAB3B, member RAS oncogene family",nucleus of the diagonal band horizontal division,nucleus of the diagonal band horizontal division <  nucleus of the diagonal band  <  substantia innominata  <  basal forebrain  <  cerebral nuclei  <  telencephalon  < gray matter,nucleus of the diagonal band horizontal division <  nucleus of the diagonal band  <  substantia innominata  < basal forebrain,Rab3b,Glutamatergic neuroblasts,Sympathetic noradrenergic neurons
ZNF536,zinc finger protein 536,corpus callosum,corpus callosum <  telencephalic commissures  <  telencephalic white matter  < white matter,corpus callosum < telencephalic commissures,Zfp536,Telencephalon inhibitory interneurons,Telencephalon inhibitory interneurons
TOP1,DNA topoisomerase I,VIIIA,VIIIA <  posterior lobe of the vermis  <  vermis  <  cerebellar cortex  <  cerebellum  <  metencephalon  < gray matter,VIIIA <  posterior lobe of the vermis  <  vermis  < cerebellar cortex,Top1,Telencephalon projecting excitatory neurons,Enteric neurons
CAMKK2,calcium/calmodulin dependent protein kinase kinase 2,IX paravermis,IX paravermis <  IX  <  Posterior Lobe  <  cerebellar hemispheres  <  cerebellar cortex  <  cerebellum  <  metencephalon  < gray matter,IX paravermis <  IX  <  Posterior Lobe  <  cerebellar hemispheres  < cerebellar cortex,Camkk2,Telencephalon projecting excitatory neurons,Telencephalon projecting excitatory neurons
MANEA,mannosidase endo-alpha,lateral group of nuclei dorsal division,lateral group of nuclei dorsal division <  lateral group of nuclei  <  dorsal thalamus  <  thalamus  <  diencephalon  < gray matter,lateral group of nuclei dorsal division <  lateral group of nuclei  < dorsal thalamus,Manea,Hindbrain neurons,Hindbrain neurons
ARHGEF25,Rho guanine nucleotide exchange factor 25,VI paravermis,VI paravermis <  VI  <  Posterior Lobe  <  cerebellar hemispheres  <  cerebellar cortex  <  cerebellum  <  metencephalon  < gray matter,VI paravermis <  VI  <  Posterior Lobe  <  cerebellar hemispheres  < cerebellar cortex,Arhgef25,Telencephalon projecting excitatory neurons,Peripheral sensory neurofilament neurons
VPS41,VPS41 subunit of HOPS complex,fusiform gyrus lateral bank of gyrus,fusiform gyrus lateral bank of gyrus <  fusiform gyrus  <  temporal lobe  <  cerebral cortex  <  telencephalon  < gray matter,fusiform gyrus lateral bank of gyrus <  fusiform gyrus  < temporal lobe,Vps41,Cholinergic and monoaminergic neurons,Peripheral sensory neurofilament neurons
ATP1A3,ATPase Na+/K+ transporting subunit alpha 3,dorsal lateral geniculate nucleus,dorsal lateral geniculate nucleus <  dorsal lateral geneiculate nucleus  <  dorsal thalamus  <  thalamus  <  diencephalon  < gray matter,dorsal lateral geniculate nucleus <  dorsal lateral geneiculate nucleus  < dorsal thalamus,Atp1a3,Hindbrain neurons,Hindbrain neurons
ITGB6,integrin subunit beta 6,bed nucleus of stria terminalis,bed nucleus of stria terminalis <  substantia innominata  <  basal forebrain  <  cerebral nuclei  <  telencephalon  < gray matter,bed nucleus of stria terminalis <  substantia innominata  < basal forebrain,Itgb6,Choroid epithelial cells,Enteric neurons
ASXL3,ASXL transcriptional regulator 3,superior rostral gyrus,superior rostral gyrus <  frontal lobe  <  cerebral cortex  <  telencephalon  < gray matter,superior rostral gyrus < frontal lobe,Asxl3,Cholinergic and monoaminergic neurons,Peripheral sensory non-peptidergic neurons
ANKHD1,ankyrin repeat and KH domain containing 1,IV lateral hemisphere,IV lateral hemisphere <  IV  <  Anterior Lobe  <  cerebellar hemispheres  <  cerebellar cortex  <  cerebellum  <  metencephalon  < gray matter,IV lateral hemisphere <  IV  <  Anterior Lobe  <  cerebellar hemispheres  < cerebellar cortex,Ankhd1,Hindbrain neurons,Enteric neurons
PCDHA7,protocadherin alpha 7,midbrain raphe nuclei,midbrain raphe nuclei <  midbrain tegmentum  <  mesencephalon  < gray matter,midbrain raphe nuclei < midbrain tegmentum,Pcdha7,Hindbrain neurons,Hindbrain neurons
PTPRS,protein tyrosine phosphatase receptor type S,dorsal lateral geniculate nucleus,dorsal lateral geniculate nucleus <  dorsal lateral geneiculate nucleus  <  dorsal thalamus  <  thalamus  <  diencephalon  < gray matter,dorsal lateral geniculate nucleus <  dorsal lateral geneiculate nucleus  < dorsal thalamus,Ptprs,Hindbrain neurons,Hindbrain neurons
CCS,copper chaperone for superoxide dismutase,zona incerta,zona incerta <  ventral thalamus  <  thalamus  <  diencephalon  < gray matter,zona incerta <  ventral thalamus  < thalamus,Ccs,Satellite glia,Sympathetic cholinergic neurons
PHF2,PHD finger protein 2,central glial substance,central glial substance <  myelencephalon  < gray matter,central glial substance <  myelencephalon  < gray matter,Phf2,Cholinergic and monoaminergic neurons,Enteric neurons
IK,IK cytokine,central glial substance,central glial substance <  myelencephalon  < gray matter,central glial substance <  myelencephalon  < gray matter,Ik,Cholinergic and monoaminergic neurons,Sympathetic cholinergic neurons
KYNU,kynureninase,supraoptic nucleus,supraoptic nucleus <  anterior hypothalamic region  <  hypothalamus  <  diencephalon  < gray matter,supraoptic nucleus < anterior hypothalamic region,Kynu,Vascular and leptomeningeal cells,Peripheral sensory neurofilament neurons
PPID,peptidylprolyl isomerase D,subthalamic nucleus,subthalamic nucleus <  subthalamus  <  diencephalon  < gray matter,subthalamic nucleus < subthalamus,Ppid,Cholinergic and monoaminergic neurons,Sympathetic noradrenergic neurons
FAM120AOS,family with sequence similarity 120A opposite strand,caudal group of intralaminar nuclei,caudal group of intralaminar nuclei <  dorsal thalamus  <  thalamus  <  diencephalon  < gray matter,caudal group of intralaminar nuclei < dorsal thalamus,NA,NA,NA
ZMAT2,zinc finger matrin-type 2,putamen,putamen <  striatum  <  basal ganglia  <  cerebral nuclei  <  telencephalon  < gray matter,putamen <  striatum  < basal ganglia,Zmat2,Telencephalon projecting excitatory neurons,Sympathetic cholinergic neurons
SERPING1,serpin family G member 1,central glial substance,central glial substance <  myelencephalon  < gray matter,central glial substance <  myelencephalon  < gray matter,Serping1,Vascular and leptomeningeal cells,Vascular and leptomeningeal cells
USP3,ubiquitin specific peptidase 3,V lateral hemisphere,V lateral hemisphere <  V  <  Anterior Lobe  <  cerebellar hemispheres  <  cerebellar cortex  <  cerebellum  <  metencephalon  < gray matter,V lateral hemisphere <  V  <  Anterior Lobe  <  cerebellar hemispheres  < cerebellar cortex,Usp3,Hindbrain neurons,Enteric neurons
CACNA2D1,calcium voltage-gated channel auxiliary subunit alpha2delta 1,dentate gyrus,dentate gyrus <  hippocampal formation  <  limbic lobe  <  cerebral cortex  <  telencephalon  < gray matter,dentate gyrus <  hippocampal formation  < limbic lobe,Cacna2d1,Cholinergic and monoaminergic neurons,Enteric neurons
ANKHD1-EIF4EBP3,ANKHD1-EIF4EBP3 readthrough,VIIIB lateral hemisphere,VIIIB lateral hemisphere <  VIIIB  <  Posterior Lobe  <  cerebellar hemispheres  <  cerebellar cortex  <  cerebellum  <  metencephalon  < gray matter,VIIIB lateral hemisphere <  VIIIB  <  Posterior Lobe  <  cerebellar hemispheres  < cerebellar cortex,Ankhd1,Hindbrain neurons,Enteric neurons
GINM1,glycoprotein integral membrane 1,corpus callosum,corpus callosum <  telencephalic commissures  <  telencephalic white matter  < white matter,corpus callosum < telencephalic commissures,Ginm1,Pericytes,Sympathetic noradrenergic neurons
C1QTNF7,C1q and TNF related 7,central nucleus,central nucleus <  amygdala  <  cerebral nuclei  <  telencephalon  < gray matter,central nucleus < amygdala,C1qtnf7,Vascular smooth muscle cells,Sympathetic cholinergic neurons
MIER1,MIER1 transcriptional regulator,globus pallidus external segment,globus pallidus external segment <  globus pallidus  <  basal ganglia  <  cerebral nuclei  <  telencephalon  < gray matter,globus pallidus external segment <  globus pallidus  < basal ganglia,Mier1,Pericytes,Enteric neurons
SLC4A9,solute carrier family 4 member 9,principal sensory nucleus of trigeminal nerve,principal sensory nucleus of trigeminal nerve <  trigeminal nuclei  <  pontine tegmentum  <  pons  <  metencephalon  < gray matter,principal sensory nucleus of trigeminal nerve <  trigeminal nuclei  < pontine tegmentum,Slc4a9,Hindbrain neurons,Hindbrain neurons
PSEN2,presenilin 2,dorsal lateral geniculate nucleus,dorsal lateral geniculate nucleus <  dorsal lateral geneiculate nucleus  <  dorsal thalamus  <  thalamus  <  diencephalon  < gray matter,dorsal lateral geniculate nucleus <  dorsal lateral geneiculate nucleus  < dorsal thalamus,Psen2,Cholinergic and monoaminergic neurons,Sympathetic cholinergic neurons
