structure_name,genome_tissue_count,sample_tissue_count,hypergeometric_p,corrected_hypergeometric_p,enclosing_regions,region_location
midbrain raphe nuclei,60,6,1.19e-4,0.0211,midbrain raphe nuclei < midbrain tegmentum,midbrain raphe nuclei <  midbrain tegmentum  <  mesencephalon  < gray matter
dorsal lateral geniculate nucleus,431,15,4.9e-4,0.0872,dorsal lateral geniculate nucleus <  dorsal lateral geneiculate nucleus  < dorsal thalamus,dorsal lateral geniculate nucleus <  dorsal lateral geneiculate nucleus  <  dorsal thalamus  <  thalamus  <  diencephalon  < gray matter
CA3 field,216,8,0.00697,1,CA3 field <  hippocampal formation  < limbic lobe,CA3 field <  hippocampal formation  <  limbic lobe  <  cerebral cortex  <  telencephalon  < gray matter
III paravermis,180,7,0.00879,1,III paravermis <  III  <  Anterior Lobe  <  cerebellar hemispheres  < cerebellar cortex,III paravermis <  III  <  Anterior Lobe  <  cerebellar hemispheres  <  cerebellar cortex  <  cerebellum  <  metencephalon  < gray matter
nucleus of the diagonal band horizontal division,56,3,0.0353,1,nucleus of the diagonal band horizontal division <  nucleus of the diagonal band  <  substantia innominata  < basal forebrain,nucleus of the diagonal band horizontal division <  nucleus of the diagonal band  <  substantia innominata  <  basal forebrain  <  cerebral nuclei  <  telencephalon  < gray matter
lateral group of nuclei dorsal division,106,4,0.0479,1,lateral group of nuclei dorsal division <  lateral group of nuclei  < dorsal thalamus,lateral group of nuclei dorsal division <  lateral group of nuclei  <  dorsal thalamus  <  thalamus  <  diencephalon  < gray matter
postcentral gyrus bank of the central sulcus,4,1,0.0504,1,postcentral gyrus bank of the central sulcus <  postcentral gyrus  < parietal lobe,postcentral gyrus bank of the central sulcus <  postcentral gyrus  <  parietal lobe  <  cerebral cortex  <  telencephalon  < gray matter
superior temporal gyrus lateral bank of gyrus,4,1,0.0504,1,superior temporal gyrus lateral bank of gyrus <  superior temporal gyrus  < temporal lobe,superior temporal gyrus lateral bank of gyrus <  superior temporal gyrus  <  temporal lobe  <  cerebral cortex  <  telencephalon  < gray matter
supraoptic nucleus,328,8,0.062,1,supraoptic nucleus < anterior hypothalamic region,supraoptic nucleus <  anterior hypothalamic region  <  hypothalamus  <  diencephalon  < gray matter
lingual gyrus striate,71,3,0.0633,1,lingual gyrus striate <  lingual gyrus  < occipital lobe,lingual gyrus striate <  lingual gyrus  <  occipital lobe  <  cerebral cortex  <  telencephalon  < gray matter
V lateral hemisphere,130,4,0.0868,1,V lateral hemisphere <  V  <  Anterior Lobe  <  cerebellar hemispheres  < cerebellar cortex,V lateral hemisphere <  V  <  Anterior Lobe  <  cerebellar hemispheres  <  cerebellar cortex  <  cerebellum  <  metencephalon  < gray matter
V,83,3,0.0913,1,V <  anterior lobe of the vermis  <  vermis  < cerebellar cortex,V <  anterior lobe of the vermis  <  vermis  <  cerebellar cortex  <  cerebellum  <  metencephalon  < gray matter
cuneus striate,87,3,0.102,1,cuneus striate <  cuneus  < occipital lobe,cuneus striate <  cuneus  <  occipital lobe  <  cerebral cortex  <  telencephalon  < gray matter
IV,94,3,0.121,1,IV <  anterior lobe of the vermis  <  vermis  < cerebellar cortex,IV <  anterior lobe of the vermis  <  vermis  <  cerebellar cortex  <  cerebellum  <  metencephalon  < gray matter
substantia nigra pars compacta,205,5,0.125,1,substantia nigra pars compacta < substantia nigra,substantia nigra pars compacta <  substantia nigra  <  midbrain tegmentum  <  mesencephalon  < gray matter
pontine nuclei,158,4,0.146,1,pontine nuclei < basal part of pons,pontine nuclei <  basal part of pons  <  pons  <  metencephalon  < gray matter
VIIIB lateral hemisphere,1075,18,0.152,1,VIIIB lateral hemisphere <  VIIIB  <  Posterior Lobe  <  cerebellar hemispheres  < cerebellar cortex,VIIIB lateral hemisphere <  VIIIB  <  Posterior Lobe  <  cerebellar hemispheres  <  cerebellar cortex  <  cerebellum  <  metencephalon  < gray matter
fusiform gyrus lateral bank of gyrus,13,1,0.155,1,fusiform gyrus lateral bank of gyrus <  fusiform gyrus  < temporal lobe,fusiform gyrus lateral bank of gyrus <  fusiform gyrus  <  temporal lobe  <  cerebral cortex  <  telencephalon  < gray matter
superior rostral gyrus,108,3,0.162,1,superior rostral gyrus < frontal lobe,superior rostral gyrus <  frontal lobe  <  cerebral cortex  <  telencephalon  < gray matter
locus ceruleus,174,4,0.186,1,locus ceruleus < pontine tegmentum,locus ceruleus <  pontine tegmentum  <  pons  <  metencephalon  < gray matter
parahippocampal gyrus lateral bank of gyrus,16,1,0.187,1,parahippocampal gyrus lateral bank of gyrus <  parahippocampal gyrus  < limbic lobe,parahippocampal gyrus lateral bank of gyrus <  parahippocampal gyrus  <  limbic lobe  <  cerebral cortex  <  telencephalon  < gray matter
IX paravermis,119,3,0.197,1,IX paravermis <  IX  <  Posterior Lobe  <  cerebellar hemispheres  < cerebellar cortex,IX paravermis <  IX  <  Posterior Lobe  <  cerebellar hemispheres  <  cerebellar cortex  <  cerebellum  <  metencephalon  < gray matter
fusiform gyrus bank of cos,17,1,0.197,1,fusiform gyrus bank of cos <  fusiform gyrus  < temporal lobe,fusiform gyrus bank of cos <  fusiform gyrus  <  temporal lobe  <  cerebral cortex  <  telencephalon  < gray matter
dentate gyrus,918,15,0.204,1,dentate gyrus <  hippocampal formation  < limbic lobe,dentate gyrus <  hippocampal formation  <  limbic lobe  <  cerebral cortex  <  telencephalon  < gray matter
CA1 field,192,4,0.234,1,CA1 field <  hippocampal formation  < limbic lobe,CA1 field <  hippocampal formation  <  limbic lobe  <  cerebral cortex  <  telencephalon  < gray matter
preoptic region,76,2,0.255,1,preoptic region < hypothalamus,preoptic region <  hypothalamus  <  diencephalon  < gray matter
globus pallidus internal segment,137,3,0.258,1,globus pallidus internal segment <  globus pallidus  < basal ganglia,globus pallidus internal segment <  globus pallidus  <  basal ganglia  <  cerebral nuclei  <  telencephalon  < gray matter
paraventricular nucleus of the hypothalamus,77,2,0.26,1,paraventricular nucleus of the hypothalamus < anterior hypothalamic region,paraventricular nucleus of the hypothalamus <  anterior hypothalamic region  <  hypothalamus  <  diencephalon  < gray matter
superior colliculus,27,1,0.295,1,superior colliculus < midbrain tectum,superior colliculus <  midbrain tectum  <  mesencephalon  < gray matter
parolfactory gyri,85,2,0.298,1,parolfactory gyri < frontal lobe,parolfactory gyri <  frontal lobe  <  cerebral cortex  <  telencephalon  < gray matter
VIIIB paravermis,33,1,0.347,1,VIIIB paravermis <  VIIIB  <  Posterior Lobe  <  cerebellar hemispheres  < cerebellar cortex,VIIIB paravermis <  VIIIB  <  Posterior Lobe  <  cerebellar hemispheres  <  cerebellar cortex  <  cerebellum  <  metencephalon  < gray matter
basolateral nucleus,34,1,0.356,1,basolateral nucleus < amygdala,basolateral nucleus <  amygdala  <  cerebral nuclei  <  telencephalon  < gray matter
corpus callosum,1570,22,0.367,1,corpus callosum < telencephalic commissures,corpus callosum <  telencephalic commissures  <  telencephalic white matter  < white matter
inferior temporal gyrus lateral bank of gyrus,39,1,0.396,1,inferior temporal gyrus lateral bank of gyrus <  inferior temporal gyrus  < temporal lobe,inferior temporal gyrus lateral bank of gyrus <  inferior temporal gyrus  <  temporal lobe  <  cerebral cortex  <  telencephalon  < gray matter
temporal pole superior aspect,39,1,0.396,1,temporal pole superior aspect <  temporal pole  < temporal lobe,temporal pole superior aspect <  temporal pole  <  temporal lobe  <  cerebral cortex  <  telencephalon  < gray matter
supramarginal gyrus superior bank of gyrus,108,2,0.405,1,supramarginal gyrus superior bank of gyrus <  supramarginal gyrus  <  inferior parietal lobule  < parietal lobe,supramarginal gyrus superior bank of gyrus <  supramarginal gyrus  <  inferior parietal lobule  <  parietal lobe  <  cerebral cortex  <  telencephalon  < gray matter
CA4 field,188,3,0.435,1,CA4 field <  hippocampal formation  < limbic lobe,CA4 field <  hippocampal formation  <  limbic lobe  <  cerebral cortex  <  telencephalon  < gray matter
medial geniculate complex,45,1,0.441,1,medial geniculate complex < dorsal thalamus,medial geniculate complex <  dorsal thalamus  <  thalamus  <  diencephalon  < gray matter
principal sensory nucleus of trigeminal nerve,118,2,0.449,1,principal sensory nucleus of trigeminal nerve <  trigeminal nuclei  < pontine tegmentum,principal sensory nucleus of trigeminal nerve <  trigeminal nuclei  <  pontine tegmentum  <  pons  <  metencephalon  < gray matter
subthalamic nucleus,267,4,0.449,1,subthalamic nucleus < subthalamus,subthalamic nucleus <  subthalamus  <  diencephalon  < gray matter
septal nuclei,47,1,0.456,1,septal nuclei < basal forebrain,septal nuclei <  basal forebrain  <  cerebral nuclei  <  telencephalon  < gray matter
central nucleus,49,1,0.47,1,central nucleus < amygdala,central nucleus <  amygdala  <  cerebral nuclei  <  telencephalon  < gray matter
postcentral gyrus superior lateral aspect of gyrus,52,1,0.49,1,postcentral gyrus superior lateral aspect of gyrus <  postcentral gyrus  < parietal lobe,postcentral gyrus superior lateral aspect of gyrus <  postcentral gyrus  <  parietal lobe  <  cerebral cortex  <  telencephalon  < gray matter
body of caudate nucleus,56,1,0.516,1,body of the caudate nucleus  <  caudate nucleus  <  striatum  < basal ganglia,body of caudate nucleus <  body of the caudate nucleus  <  caudate nucleus  <  striatum  <  basal ganglia  <  cerebral nuclei  <  telencephalon  < gray matter
lateral group of nuclei ventral division,56,1,0.516,1,lateral group of nuclei ventral division <  lateral group of nuclei  < dorsal thalamus,lateral group of nuclei ventral division <  lateral group of nuclei  <  dorsal thalamus  <  thalamus  <  diencephalon  < gray matter
VIIB,224,3,0.551,1,VIIB <  posterior lobe of the vermis  <  vermis  < cerebellar cortex,VIIB <  posterior lobe of the vermis  <  vermis  <  cerebellar cortex  <  cerebellum  <  metencephalon  < gray matter
VI paravermis,62,1,0.552,1,VI paravermis <  VI  <  Posterior Lobe  <  cerebellar hemispheres  < cerebellar cortex,VI paravermis <  VI  <  Posterior Lobe  <  cerebellar hemispheres  <  cerebellar cortex  <  cerebellum  <  metencephalon  < gray matter
medial mammillary nucleus,235,3,0.584,1,medial mammillary nucleus <  mammillary body  < mammillary region,medial mammillary nucleus <  mammillary body  <  mammillary region  <  hypothalamus  <  diencephalon  < gray matter
inferior olivary complex,243,3,0.606,1,inferior olivary complex <  myelencephalon  < gray matter,inferior olivary complex <  myelencephalon  < gray matter
IX,171,2,0.648,1,IX <  posterior lobe of the vermis  <  vermis  < cerebellar cortex,IX <  posterior lobe of the vermis  <  vermis  <  cerebellar cortex  <  cerebellum  <  metencephalon  < gray matter
abducens nucleus,175,2,0.66,1,abducens nucleus < pontine tegmentum,abducens nucleus <  pontine tegmentum  <  pons  <  metencephalon  < gray matter
reticular nucleus of thalamus,267,3,0.669,1,reticular nucleus of thalamus < ventral thalamus,reticular nucleus of thalamus <  ventral thalamus  <  thalamus  <  diencephalon  < gray matter
VIIIA,86,1,0.672,1,VIIIA <  posterior lobe of the vermis  <  vermis  < cerebellar cortex,VIIIA <  posterior lobe of the vermis  <  vermis  <  cerebellar cortex  <  cerebellum  <  metencephalon  < gray matter
lateral parabrachial nucleus,88,1,0.68,1,lateral parabrachial nucleus < pontine tegmentum,lateral parabrachial nucleus <  pontine tegmentum  <  pons  <  metencephalon  < gray matter
ventromedial hypothalamic nucleus,88,1,0.68,1,ventromedial hypothalamic nucleus < tuberal region,ventromedial hypothalamic nucleus <  tuberal region  <  hypothalamus  <  diencephalon  < gray matter
bed nucleus of stria terminalis,93,1,0.7,1,bed nucleus of stria terminalis <  substantia innominata  < basal forebrain,bed nucleus of stria terminalis <  substantia innominata  <  basal forebrain  <  cerebral nuclei  <  telencephalon  < gray matter
dorsal motor nucleus of the vagus,93,1,0.7,1,dorsal motor nucleus of the vagus <  myelencephalon  < gray matter,dorsal motor nucleus of the vagus <  myelencephalon  < gray matter
dentate nucleus,95,1,0.708,1,dentate nucleus < cerebellar nuclei,dentate nucleus <  cerebellar nuclei  <  cerebellum  <  metencephalon  < gray matter
lateral mammillary nucleus,374,4,0.71,1,lateral mammillary nucleus <  mammillary body  < mammillary region,lateral mammillary nucleus <  mammillary body  <  mammillary region  <  hypothalamus  <  diencephalon  < gray matter
VIIIA lateral hemisphere,99,1,0.723,1,VIIIA lateral hemisphere <  VIIIA  <  Posterior Lobe  <  cerebellar hemispheres  < cerebellar cortex,VIIIA lateral hemisphere <  VIIIA  <  Posterior Lobe  <  cerebellar hemispheres  <  cerebellar cortex  <  cerebellum  <  metencephalon  < gray matter
putamen,101,1,0.73,1,putamen <  striatum  < basal ganglia,putamen <  striatum  <  basal ganglia  <  cerebral nuclei  <  telencephalon  < gray matter
VI,103,1,0.737,1,VI <  posterior lobe of the vermis  <  vermis  < cerebellar cortex,VI <  posterior lobe of the vermis  <  vermis  <  cerebellar cortex  <  cerebellum  <  metencephalon  < gray matter
claustrum,226,2,0.789,1,claustrum < cerebral nuclei,claustrum <  cerebral nuclei  <  telencephalon  < gray matter
basal nucleus of meynert,253,2,0.839,1,basal nucleus of meynert <  substantia innominata  < basal forebrain,basal nucleus of meynert <  substantia innominata  <  basal forebrain  <  cerebral nuclei  <  telencephalon  < gray matter
subcuneiform nucleus,254,2,0.84,1,subcuneiform nucleus < midbrain reticular formation,subcuneiform nucleus <  midbrain reticular formation  <  midbrain tegmentum  <  mesencephalon  < gray matter
substantia nigra pars reticulata,261,2,0.851,1,substantia nigra pars reticulata < substantia nigra,substantia nigra pars reticulata <  substantia nigra  <  midbrain tegmentum  <  mesencephalon  < gray matter
globose nucleus,366,3,0.852,1,globose nucleus < cerebellar nuclei,globose nucleus <  cerebellar nuclei  <  cerebellum  <  metencephalon  < gray matter
zona incerta,569,5,0.859,1,zona incerta <  ventral thalamus  < thalamus,zona incerta <  ventral thalamus  <  thalamus  <  diencephalon  < gray matter
lateral tuberal nucleus,152,1,0.861,1,lateral tuberal nucleus < tuberal region,lateral tuberal nucleus <  tuberal region  <  hypothalamus  <  diencephalon  < gray matter
globus pallidus external segment,484,4,0.872,1,globus pallidus external segment <  globus pallidus  < basal ganglia,globus pallidus external segment <  globus pallidus  <  basal ganglia  <  cerebral nuclei  <  telencephalon  < gray matter
superior olivary complex,166,1,0.884,1,superior olivary complex < pontine tegmentum,superior olivary complex <  pontine tegmentum  <  pons  <  metencephalon  < gray matter
central glial substance,2509,26,0.901,1,central glial substance <  myelencephalon  < gray matter,central glial substance <  myelencephalon  < gray matter
hypoglossal nucleus,184,1,0.908,1,hypoglossal nucleus <  myelencephalon  < gray matter,hypoglossal nucleus <  myelencephalon  < gray matter
CA2 field,190,1,0.915,1,CA2 field <  hippocampal formation  < limbic lobe,CA2 field <  hippocampal formation  <  limbic lobe  <  cerebral cortex  <  telencephalon  < gray matter
caudal group of intralaminar nuclei,201,1,0.927,1,caudal group of intralaminar nuclei < dorsal thalamus,caudal group of intralaminar nuclei <  dorsal thalamus  <  thalamus  <  diencephalon  < gray matter
IV lateral hemisphere,342,2,0.936,1,IV lateral hemisphere <  IV  <  Anterior Lobe  <  cerebellar hemispheres  < cerebellar cortex,IV lateral hemisphere <  IV  <  Anterior Lobe  <  cerebellar hemispheres  <  cerebellar cortex  <  cerebellum  <  metencephalon  < gray matter
motor nucleus of trigeminal nerve,385,2,0.96,1,motor nucleus of trigeminal nerve <  trigeminal nuclei  < pontine tegmentum,motor nucleus of trigeminal nerve <  trigeminal nuclei  <  pontine tegmentum  <  pons  <  metencephalon  < gray matter
cuneate nucleus,331,1,0.987,1,cuneate nucleus <  myelencephalon  < gray matter,cuneate nucleus <  myelencephalon  < gray matter
oculomotor nuclear complex,366,1,0.992,1,oculomotor nuclear complex < midbrain tegmentum,oculomotor nuclear complex <  midbrain tegmentum  <  mesencephalon  < gray matter
amygdalohippocampal transition zone,92,NA,NA,NA,amygdalohippocampal transition zone <  amygdala  <  cerebral nuclei  <  telencephalon  < gray matter,amygdalohippocampal transition zone <  amygdala  <  cerebral nuclei  <  telencephalon  < gray matter
angular gyrus superior bank of gyrus,8,NA,NA,NA,angular gyrus superior bank of gyrus <  angular gyrus  <  inferior parietal lobule  <  parietal lobe  <  cerebral cortex  <  telencephalon  < gray matter,angular gyrus superior bank of gyrus <  angular gyrus  <  inferior parietal lobule  <  parietal lobe  <  cerebral cortex  <  telencephalon  < gray matter
anterior group of nuclei,16,NA,NA,NA,anterior group of nuclei <  dorsal thalamus  <  thalamus  <  diencephalon  < gray matter,anterior group of nuclei <  dorsal thalamus  <  thalamus  <  diencephalon  < gray matter
anterior orbital gyrus,33,NA,NA,NA,anterior orbital gyrus <  frontal lobe  <  cerebral cortex  <  telencephalon  < gray matter,anterior orbital gyrus <  frontal lobe  <  cerebral cortex  <  telencephalon  < gray matter
arcuate nucleus of medulla,38,NA,NA,NA,arcuate nucleus of medulla <  myelencephalon  < gray matter,arcuate nucleus of medulla <  myelencephalon  < gray matter
basomedial nucleus,48,NA,NA,NA,basomedial nucleus <  amygdala  <  cerebral nuclei  <  telencephalon  < gray matter,basomedial nucleus <  amygdala  <  cerebral nuclei  <  telencephalon  < gray matter
central gray substance of midbrain,4,NA,NA,NA,central gray substance of midbrain <  midbrain tegmentum  <  mesencephalon  < gray matter,central gray substance of midbrain <  midbrain tegmentum  <  mesencephalon  < gray matter
central medullary reticular group,62,NA,NA,NA,central medullary reticular group <  medullary reticular formation  <  myelencephalon  < gray matter,central medullary reticular group <  medullary reticular formation  <  myelencephalon  < gray matter
cingulate gyrus frontal part superior bank of gyrus,1,NA,NA,NA,cingulate gyrus frontal part superior bank of gyrus <  cingulate gyrus frontal part  <  cingulate gyrus  <  limbic lobe  <  cerebral cortex  <  telencephalon  < gray matter,cingulate gyrus frontal part superior bank of gyrus <  cingulate gyrus frontal part  <  cingulate gyrus  <  limbic lobe  <  cerebral cortex  <  telencephalon  < gray matter
cingulate gyrus parietal part inferior bank of gyrus,4,NA,NA,NA,cingulate gyrus parietal part inferior bank of gyrus <  cingulate gyrus parietal part  <  cingulate gyrus  <  limbic lobe  <  cerebral cortex  <  telencephalon  < gray matter,cingulate gyrus parietal part inferior bank of gyrus <  cingulate gyrus parietal part  <  cingulate gyrus  <  limbic lobe  <  cerebral cortex  <  telencephalon  < gray matter
cingulate gyrus parietal part superior bank of gyrus,2,NA,NA,NA,cingulate gyrus parietal part superior bank of gyrus <  cingulate gyrus parietal part  <  cingulate gyrus  <  limbic lobe  <  cerebral cortex  <  telencephalon  < gray matter,cingulate gyrus parietal part superior bank of gyrus <  cingulate gyrus parietal part  <  cingulate gyrus  <  limbic lobe  <  cerebral cortex  <  telencephalon  < gray matter
cingulate gyrus retrosplenial part superior bank of gyrus,50,NA,NA,NA,cingulate gyrus retrosplenial part superior bank of gyrus <  cingulate gyrus retrosplenial part  <  cingulate gyrus  <  limbic lobe  <  cerebral cortex  <  telencephalon  < gray matter,cingulate gyrus retrosplenial part superior bank of gyrus <  cingulate gyrus retrosplenial part  <  cingulate gyrus  <  limbic lobe  <  cerebral cortex  <  telencephalon  < gray matter
cochlear nuclei,44,NA,NA,NA,cochlear nuclei <  myelencephalon  < gray matter,cochlear nuclei <  myelencephalon  < gray matter
cortico-medial group,21,NA,NA,NA,cortico-medial group <  amygdala  <  cerebral nuclei  <  telencephalon  < gray matter,cortico-medial group <  amygdala  <  cerebral nuclei  <  telencephalon  < gray matter
Crus I lateral hemisphere,13,NA,NA,NA,Crus I lateral hemisphere <  crus I  <  Posterior Lobe  <  cerebellar hemispheres  <  cerebellar cortex  <  cerebellum  <  metencephalon  < gray matter,Crus I lateral hemisphere <  crus I  <  Posterior Lobe  <  cerebellar hemispheres  <  cerebellar cortex  <  cerebellum  <  metencephalon  < gray matter
Crus I paravermis,12,NA,NA,NA,Crus I paravermis <  crus I  <  Posterior Lobe  <  cerebellar hemispheres  <  cerebellar cortex  <  cerebellum  <  metencephalon  < gray matter,Crus I paravermis <  crus I  <  Posterior Lobe  <  cerebellar hemispheres  <  cerebellar cortex  <  cerebellum  <  metencephalon  < gray matter
Crus II lateral hemisphere,99,NA,NA,NA,Crus II lateral hemisphere <  crus II  <  Posterior Lobe  <  cerebellar hemispheres  <  cerebellar cortex  <  cerebellum  <  metencephalon  < gray matter,Crus II lateral hemisphere <  crus II  <  Posterior Lobe  <  cerebellar hemispheres  <  cerebellar cortex  <  cerebellum  <  metencephalon  < gray matter
Crus II paravermis,91,NA,NA,NA,Crus II paravermis <  crus II  <  Posterior Lobe  <  cerebellar hemispheres  <  cerebellar cortex  <  cerebellum  <  metencephalon  < gray matter,Crus II paravermis <  crus II  <  Posterior Lobe  <  cerebellar hemispheres  <  cerebellar cortex  <  cerebellum  <  metencephalon  < gray matter
cuneiform nucleus,42,NA,NA,NA,cuneiform nucleus <  midbrain reticular formation  <  midbrain tegmentum  <  mesencephalon  < gray matter,cuneiform nucleus <  midbrain reticular formation  <  midbrain tegmentum  <  mesencephalon  < gray matter
cuneus peristriate,10,NA,NA,NA,cuneus peristriate <  cuneus  <  occipital lobe  <  cerebral cortex  <  telencephalon  < gray matter,cuneus peristriate <  cuneus  <  occipital lobe  <  cerebral cortex  <  telencephalon  < gray matter
dorsomedial hypothalamic nucleus,21,NA,NA,NA,dorsomedial hypothalamic nucleus <  tuberal region  <  hypothalamus  <  diencephalon  < gray matter,dorsomedial hypothalamic nucleus <  tuberal region  <  hypothalamus  <  diencephalon  < gray matter
facial motor nucleus,168,NA,NA,NA,facial motor nucleus <  pontine tegmentum  <  pons  <  metencephalon  < gray matter,facial motor nucleus <  pontine tegmentum  <  pons  <  metencephalon  < gray matter
frontal operculum,3,NA,NA,NA,frontal operculum <  frontal lobe  <  cerebral cortex  <  telencephalon  < gray matter,frontal operculum <  frontal lobe  <  cerebral cortex  <  telencephalon  < gray matter
fusiform gyrus bank of the its,2,NA,NA,NA,fusiform gyrus bank of the its <  fusiform gyrus  <  temporal lobe  <  cerebral cortex  <  telencephalon  < gray matter,fusiform gyrus bank of the its <  fusiform gyrus  <  temporal lobe  <  cerebral cortex  <  telencephalon  < gray matter
gigantocellular group,13,NA,NA,NA,gigantocellular group <  medullary reticular formation  <  myelencephalon  < gray matter,gigantocellular group <  medullary reticular formation  <  myelencephalon  < gray matter
gyrus rectus,4,NA,NA,NA,gyrus rectus <  frontal lobe  <  cerebral cortex  <  telencephalon  < gray matter,gyrus rectus <  frontal lobe  <  cerebral cortex  <  telencephalon  < gray matter
head of caudate nucleus,63,NA,NA,NA,head of caudate nucleus <  head of the caudate nucleus  <  caudate nucleus  <  striatum  <  basal ganglia  <  cerebral nuclei  <  telencephalon  < gray matter,head of caudate nucleus <  head of the caudate nucleus  <  caudate nucleus  <  striatum  <  basal ganglia  <  cerebral nuclei  <  telencephalon  < gray matter
Heschl's gyrus,7,NA,NA,NA,Heschl's gyrus <  temporal lobe  <  cerebral cortex  <  telencephalon  < gray matter,Heschl's gyrus <  temporal lobe  <  cerebral cortex  <  telencephalon  < gray matter
III,50,NA,NA,NA,III <  anterior lobe of the vermis  <  vermis  <  cerebellar cortex  <  cerebellum  <  metencephalon  < gray matter,III <  anterior lobe of the vermis  <  vermis  <  cerebellar cortex  <  cerebellum  <  metencephalon  < gray matter
inferior colliculus,25,NA,NA,NA,inferior colliculus <  midbrain tectum  <  mesencephalon  < gray matter,inferior colliculus <  midbrain tectum  <  mesencephalon  < gray matter
inferior frontal gyrus opercular part,13,NA,NA,NA,inferior frontal gyrus opercular part <  inferior frontal gyrus  <  frontal lobe  <  cerebral cortex  <  telencephalon  < gray matter,inferior frontal gyrus opercular part <  inferior frontal gyrus  <  frontal lobe  <  cerebral cortex  <  telencephalon  < gray matter
inferior frontal gyrus orbital part,6,NA,NA,NA,inferior frontal gyrus orbital part <  inferior frontal gyrus  <  frontal lobe  <  cerebral cortex  <  telencephalon  < gray matter,inferior frontal gyrus orbital part <  inferior frontal gyrus  <  frontal lobe  <  cerebral cortex  <  telencephalon  < gray matter
inferior frontal gyrus triangular part,7,NA,NA,NA,inferior frontal gyrus triangular part <  inferior frontal gyrus  <  frontal lobe  <  cerebral cortex  <  telencephalon  < gray matter,inferior frontal gyrus triangular part <  inferior frontal gyrus  <  frontal lobe  <  cerebral cortex  <  telencephalon  < gray matter
inferior occipital gyrus inferior bank of gyrus,2,NA,NA,NA,inferior occipital gyrus inferior bank of gyrus <  inferior occipital gyrus  <  occipital lobe  <  cerebral cortex  <  telencephalon  < gray matter,inferior occipital gyrus inferior bank of gyrus <  inferior occipital gyrus  <  occipital lobe  <  cerebral cortex  <  telencephalon  < gray matter
inferior occipital gyrus superior bank of gyrus,22,NA,NA,NA,inferior occipital gyrus superior bank of gyrus <  inferior occipital gyrus  <  occipital lobe  <  cerebral cortex  <  telencephalon  < gray matter,inferior occipital gyrus superior bank of gyrus <  inferior occipital gyrus  <  occipital lobe  <  cerebral cortex  <  telencephalon  < gray matter
inferior rostral gyrus,3,NA,NA,NA,inferior rostral gyrus <  frontal lobe  <  cerebral cortex  <  telencephalon  < gray matter,inferior rostral gyrus <  frontal lobe  <  cerebral cortex  <  telencephalon  < gray matter
inferior temporal gyrus bank of the its,2,NA,NA,NA,inferior temporal gyrus bank of the its <  inferior temporal gyrus  <  temporal lobe  <  cerebral cortex  <  telencephalon  < gray matter,inferior temporal gyrus bank of the its <  inferior temporal gyrus  <  temporal lobe  <  cerebral cortex  <  telencephalon  < gray matter
IV paravermis,40,NA,NA,NA,IV paravermis <  IV  <  Anterior Lobe  <  cerebellar hemispheres  <  cerebellar cortex  <  cerebellum  <  metencephalon  < gray matter,IV paravermis <  IV  <  Anterior Lobe  <  cerebellar hemispheres  <  cerebellar cortex  <  cerebellum  <  metencephalon  < gray matter
lateral hypothalamic area anterior region,40,NA,NA,NA,lateral hypothalamic area anterior region <  anterior hypothalamic region  <  hypothalamus  <  diencephalon  < gray matter,lateral hypothalamic area anterior region <  anterior hypothalamic region  <  hypothalamus  <  diencephalon  < gray matter
lateral hypothalamic area mammillary region,15,NA,NA,NA,lateral hypothalamic area mammillary region <  mammillary region  <  hypothalamus  <  diencephalon  < gray matter,lateral hypothalamic area mammillary region <  mammillary region  <  hypothalamus  <  diencephalon  < gray matter
lateral hypothalamic area tuberal region,20,NA,NA,NA,lateral hypothalamic area tuberal region <  tuberal region  <  hypothalamus  <  diencephalon  < gray matter,lateral hypothalamic area tuberal region <  tuberal region  <  hypothalamus  <  diencephalon  < gray matter
lateral medullary reticular group,47,NA,NA,NA,lateral medullary reticular group <  medullary reticular formation  <  myelencephalon  < gray matter,lateral medullary reticular group <  medullary reticular formation  <  myelencephalon  < gray matter
lateral nucleus,99,NA,NA,NA,lateral nucleus <  amygdala  <  cerebral nuclei  <  telencephalon  < gray matter,lateral nucleus <  amygdala  <  cerebral nuclei  <  telencephalon  < gray matter
lateral orbital gyrus,2,NA,NA,NA,lateral orbital gyrus <  frontal lobe  <  cerebral cortex  <  telencephalon  < gray matter,lateral orbital gyrus <  frontal lobe  <  cerebral cortex  <  telencephalon  < gray matter
lingual gyrus peristriate,10,NA,NA,NA,lingual gyrus peristriate <  lingual gyrus  <  occipital lobe  <  cerebral cortex  <  telencephalon  < gray matter,lingual gyrus peristriate <  lingual gyrus  <  occipital lobe  <  cerebral cortex  <  telencephalon  < gray matter
medial group of nuclei,10,NA,NA,NA,medial group of nuclei <  dorsal thalamus  <  thalamus  <  diencephalon  < gray matter,medial group of nuclei <  dorsal thalamus  <  thalamus  <  diencephalon  < gray matter
medial orbital gyrus,3,NA,NA,NA,medial orbital gyrus <  frontal lobe  <  cerebral cortex  <  telencephalon  < gray matter,medial orbital gyrus <  frontal lobe  <  cerebral cortex  <  telencephalon  < gray matter
medial parabrachial nucleus,52,NA,NA,NA,medial parabrachial nucleus <  pontine tegmentum  <  pons  <  metencephalon  < gray matter,medial parabrachial nucleus <  pontine tegmentum  <  pons  <  metencephalon  < gray matter
middle frontal gyrus inferior bank of gyrus,5,NA,NA,NA,middle frontal gyrus inferior bank of gyrus <  middle frontal gyrus  <  frontal lobe  <  cerebral cortex  <  telencephalon  < gray matter,middle frontal gyrus inferior bank of gyrus <  middle frontal gyrus  <  frontal lobe  <  cerebral cortex  <  telencephalon  < gray matter
middle frontal gyrus superior bank of gyrus,1,NA,NA,NA,middle frontal gyrus superior bank of gyrus <  middle frontal gyrus  <  frontal lobe  <  cerebral cortex  <  telencephalon  < gray matter,middle frontal gyrus superior bank of gyrus <  middle frontal gyrus  <  frontal lobe  <  cerebral cortex  <  telencephalon  < gray matter
nucleus accumbens,87,NA,NA,NA,nucleus accumbens <  striatum  <  basal ganglia  <  cerebral nuclei  <  telencephalon  < gray matter,nucleus accumbens <  striatum  <  basal ganglia  <  cerebral nuclei  <  telencephalon  < gray matter
nucleus of the diagonal band vertical division,113,NA,NA,NA,nucleus of the diagonal band vertical division <  nucleus of the diagonal band  <  substantia innominata  <  basal forebrain  <  cerebral nuclei  <  telencephalon  < gray matter,nucleus of the diagonal band vertical division <  nucleus of the diagonal band  <  substantia innominata  <  basal forebrain  <  cerebral nuclei  <  telencephalon  < gray matter
nucleus subceruleus,14,NA,NA,NA,nucleus subceruleus <  pontine tegmentum  <  pons  <  metencephalon  < gray matter,nucleus subceruleus <  pontine tegmentum  <  pons  <  metencephalon  < gray matter
occipito-temporal gyrus inferior bank of gyrus,1,NA,NA,NA,occipito-temporal gyrus inferior bank of gyrus <  occipito-temporal gyrus  <  occipital lobe  <  cerebral cortex  <  telencephalon  < gray matter,occipito-temporal gyrus inferior bank of gyrus <  occipito-temporal gyrus  <  occipital lobe  <  cerebral cortex  <  telencephalon  < gray matter
occipito-temporal gyrus superior bank of gyrus,1,NA,NA,NA,occipito-temporal gyrus superior bank of gyrus <  occipito-temporal gyrus  <  occipital lobe  <  cerebral cortex  <  telencephalon  < gray matter,occipito-temporal gyrus superior bank of gyrus <  occipito-temporal gyrus  <  occipital lobe  <  cerebral cortex  <  telencephalon  < gray matter
olfactory tubercle,34,NA,NA,NA,olfactory tubercle <  substantia innominata  <  basal forebrain  <  cerebral nuclei  <  telencephalon  < gray matter,olfactory tubercle <  substantia innominata  <  basal forebrain  <  cerebral nuclei  <  telencephalon  < gray matter
paracentral lobule anterior part inferior bank of gyrus,5,NA,NA,NA,paracentral lobule anterior part inferior bank of gyrus <  paracentral lobule anterior part  <  frontal lobe  <  cerebral cortex  <  telencephalon  < gray matter,paracentral lobule anterior part inferior bank of gyrus <  paracentral lobule anterior part  <  frontal lobe  <  cerebral cortex  <  telencephalon  < gray matter
paracentral lobule anterior part superior bank of gyrus,28,NA,NA,NA,paracentral lobule anterior part superior bank of gyrus <  paracentral lobule anterior part  <  frontal lobe  <  cerebral cortex  <  telencephalon  < gray matter,paracentral lobule anterior part superior bank of gyrus <  paracentral lobule anterior part  <  frontal lobe  <  cerebral cortex  <  telencephalon  < gray matter
parahippocampal gyrus bank of the cos,2,NA,NA,NA,parahippocampal gyrus bank of the cos <  parahippocampal gyrus  <  limbic lobe  <  cerebral cortex  <  telencephalon  < gray matter,parahippocampal gyrus bank of the cos <  parahippocampal gyrus  <  limbic lobe  <  cerebral cortex  <  telencephalon  < gray matter
perifornical nucleus,142,NA,NA,NA,perifornical nucleus <  tuberal region  <  hypothalamus  <  diencephalon  < gray matter,perifornical nucleus <  tuberal region  <  hypothalamus  <  diencephalon  < gray matter
planum polare,2,NA,NA,NA,planum polare <  temporal lobe  <  cerebral cortex  <  telencephalon  < gray matter,planum polare <  temporal lobe  <  cerebral cortex  <  telencephalon  < gray matter
planum temporale,19,NA,NA,NA,planum temporale <  temporal lobe  <  cerebral cortex  <  telencephalon  < gray matter,planum temporale <  temporal lobe  <  cerebral cortex  <  telencephalon  < gray matter
pontine raphe nucleus,12,NA,NA,NA,pontine raphe nucleus <  pontine tegmentum  <  pons  <  metencephalon  < gray matter,pontine raphe nucleus <  pontine tegmentum  <  pons  <  metencephalon  < gray matter
postcentral gyrus bank of the posterior central sulcus,15,NA,NA,NA,postcentral gyrus bank of the posterior central sulcus <  postcentral gyrus  <  parietal lobe  <  cerebral cortex  <  telencephalon  < gray matter,postcentral gyrus bank of the posterior central sulcus <  postcentral gyrus  <  parietal lobe  <  cerebral cortex  <  telencephalon  < gray matter
postcentral gyrus inferior lateral aspect of gyrus,6,NA,NA,NA,postcentral gyrus inferior lateral aspect of gyrus <  postcentral gyrus  <  parietal lobe  <  cerebral cortex  <  telencephalon  < gray matter,postcentral gyrus inferior lateral aspect of gyrus <  postcentral gyrus  <  parietal lobe  <  cerebral cortex  <  telencephalon  < gray matter
posterior group of nuclei,25,NA,NA,NA,posterior group of nuclei <  dorsal thalamus  <  thalamus  <  diencephalon  < gray matter,posterior group of nuclei <  dorsal thalamus  <  thalamus  <  diencephalon  < gray matter
posterior hypothalamic area,17,NA,NA,NA,posterior hypothalamic area <  mammillary region  <  hypothalamus  <  diencephalon  < gray matter,posterior hypothalamic area <  mammillary region  <  hypothalamus  <  diencephalon  < gray matter
posterior orbital gyrus,18,NA,NA,NA,posterior orbital gyrus <  frontal lobe  <  cerebral cortex  <  telencephalon  < gray matter,posterior orbital gyrus <  frontal lobe  <  cerebral cortex  <  telencephalon  < gray matter
precentral gyrus bank of the central sulcus,10,NA,NA,NA,precentral gyrus bank of the central sulcus <  precentral gyrus  <  frontal lobe  <  cerebral cortex  <  telencephalon  < gray matter,precentral gyrus bank of the central sulcus <  precentral gyrus  <  frontal lobe  <  cerebral cortex  <  telencephalon  < gray matter
precentral gyrus bank of the precentral sulcus,3,NA,NA,NA,precentral gyrus bank of the precentral sulcus <  precentral gyrus  <  frontal lobe  <  cerebral cortex  <  telencephalon  < gray matter,precentral gyrus bank of the precentral sulcus <  precentral gyrus  <  frontal lobe  <  cerebral cortex  <  telencephalon  < gray matter
precentral gyrus inferior lateral aspect of gyrus,10,NA,NA,NA,precentral gyrus inferior lateral aspect of gyrus <  precentral gyrus  <  frontal lobe  <  cerebral cortex  <  telencephalon  < gray matter,precentral gyrus inferior lateral aspect of gyrus <  precentral gyrus  <  frontal lobe  <  cerebral cortex  <  telencephalon  < gray matter
precentral gyrus superior lateral aspect of gyrus,12,NA,NA,NA,precentral gyrus superior lateral aspect of gyrus <  precentral gyrus  <  frontal lobe  <  cerebral cortex  <  telencephalon  < gray matter,precentral gyrus superior lateral aspect of gyrus <  precentral gyrus  <  frontal lobe  <  cerebral cortex  <  telencephalon  < gray matter
raphe nuclei of medulla,9,NA,NA,NA,raphe nuclei of medulla <  myelencephalon  < gray matter,raphe nuclei of medulla <  myelencephalon  < gray matter
red nucleus,42,NA,NA,NA,red nucleus <  midbrain tegmentum  <  mesencephalon  < gray matter,red nucleus <  midbrain tegmentum  <  mesencephalon  < gray matter
rostral group of intralaminar nuclei,32,NA,NA,NA,rostral group of intralaminar nuclei <  dorsal thalamus  <  thalamus  <  diencephalon  < gray matter,rostral group of intralaminar nuclei <  dorsal thalamus  <  thalamus  <  diencephalon  < gray matter
short insular gyri,9,NA,NA,NA,short insular gyri <  insula  <  cerebral cortex  <  telencephalon  < gray matter,short insular gyri <  insula  <  cerebral cortex  <  telencephalon  < gray matter
spinal trigeminal nucleus,11,NA,NA,NA,spinal trigeminal nucleus <  myelencephalon  < gray matter,spinal trigeminal nucleus <  myelencephalon  < gray matter
subcallosal cingulate gyrus,21,NA,NA,NA,subcallosal cingulate gyrus <  cingulate gyrus  <  limbic lobe  <  cerebral cortex  <  telencephalon  < gray matter,subcallosal cingulate gyrus <  cingulate gyrus  <  limbic lobe  <  cerebral cortex  <  telencephalon  < gray matter
subiculum,23,NA,NA,NA,subiculum <  hippocampal formation  <  limbic lobe  <  cerebral cortex  <  telencephalon  < gray matter,subiculum <  hippocampal formation  <  limbic lobe  <  cerebral cortex  <  telencephalon  < gray matter
superior occipital gyrus inferior bank of gyrus,22,NA,NA,NA,superior occipital gyrus inferior bank of gyrus <  superior occipital gyrus  <  occipital lobe  <  cerebral cortex  <  telencephalon  < gray matter,superior occipital gyrus inferior bank of gyrus <  superior occipital gyrus  <  occipital lobe  <  cerebral cortex  <  telencephalon  < gray matter
superior occipital gyrus superior bank of gyrus,2,NA,NA,NA,superior occipital gyrus superior bank of gyrus <  superior occipital gyrus  <  occipital lobe  <  cerebral cortex  <  telencephalon  < gray matter,superior occipital gyrus superior bank of gyrus <  superior occipital gyrus  <  occipital lobe  <  cerebral cortex  <  telencephalon  < gray matter
superior parietal lobule inferior bank of gyrus,3,NA,NA,NA,superior parietal lobule inferior bank of gyrus <  superior parietal lobule  <  parietal lobe  <  cerebral cortex  <  telencephalon  < gray matter,superior parietal lobule inferior bank of gyrus <  superior parietal lobule  <  parietal lobe  <  cerebral cortex  <  telencephalon  < gray matter
superior temporal gyrus inferior bank of gyrus,1,NA,NA,NA,superior temporal gyrus inferior bank of gyrus <  superior temporal gyrus  <  temporal lobe  <  cerebral cortex  <  telencephalon  < gray matter,superior temporal gyrus inferior bank of gyrus <  superior temporal gyrus  <  temporal lobe  <  cerebral cortex  <  telencephalon  < gray matter
supramammillary nucleus,82,NA,NA,NA,supramammillary nucleus <  mammillary region  <  hypothalamus  <  diencephalon  < gray matter,supramammillary nucleus <  mammillary region  <  hypothalamus  <  diencephalon  < gray matter
supramarginal gyrus inferior bank of gyrus,9,NA,NA,NA,supramarginal gyrus inferior bank of gyrus <  supramarginal gyrus  <  inferior parietal lobule  <  parietal lobe  <  cerebral cortex  <  telencephalon  < gray matter,supramarginal gyrus inferior bank of gyrus <  supramarginal gyrus  <  inferior parietal lobule  <  parietal lobe  <  cerebral cortex  <  telencephalon  < gray matter
tail of caudate nucleus,57,NA,NA,NA,tail of caudate nucleus <  tail of the caudate nucleus  <  caudate nucleus  <  striatum  <  basal ganglia  <  cerebral nuclei  <  telencephalon  < gray matter,tail of caudate nucleus <  tail of the caudate nucleus  <  caudate nucleus  <  striatum  <  basal ganglia  <  cerebral nuclei  <  telencephalon  < gray matter
temporal pole inferior aspect,6,NA,NA,NA,temporal pole inferior aspect <  temporal pole  <  temporal lobe  <  cerebral cortex  <  telencephalon  < gray matter,temporal pole inferior aspect <  temporal pole  <  temporal lobe  <  cerebral cortex  <  telencephalon  < gray matter
temporal pole medial aspect,101,NA,NA,NA,temporal pole medial aspect <  temporal pole  <  temporal lobe  <  cerebral cortex  <  telencephalon  < gray matter,temporal pole medial aspect <  temporal pole  <  temporal lobe  <  cerebral cortex  <  telencephalon  < gray matter
transverse gyri,11,NA,NA,NA,transverse gyri <  temporal lobe  <  cerebral cortex  <  telencephalon  < gray matter,transverse gyri <  temporal lobe  <  cerebral cortex  <  telencephalon  < gray matter
tuberomammillary nucleus,68,NA,NA,NA,tuberomammillary nucleus <  mammillary region  <  hypothalamus  <  diencephalon  < gray matter,tuberomammillary nucleus <  mammillary region  <  hypothalamus  <  diencephalon  < gray matter
V paravermis,10,NA,NA,NA,V paravermis <  V  <  Anterior Lobe  <  cerebellar hemispheres  <  cerebellar cortex  <  cerebellum  <  metencephalon  < gray matter,V paravermis <  V  <  Anterior Lobe  <  cerebellar hemispheres  <  cerebellar cortex  <  cerebellum  <  metencephalon  < gray matter
ventral tegmental area,6,NA,NA,NA,ventral tegmental area <  midbrain tegmentum  <  mesencephalon  < gray matter,ventral tegmental area <  midbrain tegmentum  <  mesencephalon  < gray matter
vestibular nuclei,16,NA,NA,NA,vestibular nuclei <  myelencephalon  < gray matter,vestibular nuclei <  myelencephalon  < gray matter
VI lateral hemisphere,31,NA,NA,NA,VI lateral hemisphere <  VI  <  Posterior Lobe  <  cerebellar hemispheres  <  cerebellar cortex  <  cerebellum  <  metencephalon  < gray matter,VI lateral hemisphere <  VI  <  Posterior Lobe  <  cerebellar hemispheres  <  cerebellar cortex  <  cerebellum  <  metencephalon  < gray matter
VIIAt,71,NA,NA,NA,VIIAt <  posterior lobe of the vermis  <  vermis  <  cerebellar cortex  <  cerebellum  <  metencephalon  < gray matter,VIIAt <  posterior lobe of the vermis  <  vermis  <  cerebellar cortex  <  cerebellum  <  metencephalon  < gray matter
VIIB lateral hemisphere,23,NA,NA,NA,VIIB lateral hemisphere <  VIIB  <  Posterior Lobe  <  cerebellar hemispheres  <  cerebellar cortex  <  cerebellum  <  metencephalon  < gray matter,VIIB lateral hemisphere <  VIIB  <  Posterior Lobe  <  cerebellar hemispheres  <  cerebellar cortex  <  cerebellum  <  metencephalon  < gray matter
VIIB paravermis,122,NA,NA,NA,VIIB paravermis <  VIIB  <  Posterior Lobe  <  cerebellar hemispheres  <  cerebellar cortex  <  cerebellum  <  metencephalon  < gray matter,VIIB paravermis <  VIIB  <  Posterior Lobe  <  cerebellar hemispheres  <  cerebellar cortex  <  cerebellum  <  metencephalon  < gray matter
VIIIA paravermis,56,NA,NA,NA,VIIIA paravermis <  VIIIA  <  Posterior Lobe  <  cerebellar hemispheres  <  cerebellar cortex  <  cerebellum  <  metencephalon  < gray matter,VIIIA paravermis <  VIIIA  <  Posterior Lobe  <  cerebellar hemispheres  <  cerebellar cortex  <  cerebellum  <  metencephalon  < gray matter
VIIIB,220,NA,NA,NA,VIIIB <  posterior lobe of the vermis  <  vermis  <  cerebellar cortex  <  cerebellum  <  metencephalon  < gray matter,VIIIB <  posterior lobe of the vermis  <  vermis  <  cerebellar cortex  <  cerebellum  <  metencephalon  < gray matter
