structure_name,genome_tissue_count,sample_tissue_count,expected_tissue_count,hypergeometric_p,corrected_hypergeometric_p,enclosing_regions,region_location
dorsal lateral geniculate nucleus,431,15,5.5349082370980875,4.53e-4,0.0806,dorsal lateral geniculate nucleus <  dorsal lateral geneiculate nucleus  < dorsal thalamus,dorsal lateral geniculate nucleus <  dorsal lateral geneiculate nucleus  <  dorsal thalamus  <  thalamus  <  diencephalon  < gray matter
CA3 field,216,8,2.773875125784657,0.00667,1,CA3 field <  hippocampal formation  < limbic lobe,CA3 field <  hippocampal formation  <  limbic lobe  <  cerebral cortex  <  telencephalon  < gray matter
midbrain raphe nuclei,60,4,0.7705208682735157,0.0072,1,midbrain raphe nuclei < midbrain tegmentum,midbrain raphe nuclei <  midbrain tegmentum  <  mesencephalon  < gray matter
III paravermis,180,7,2.3115626048205473,0.00845,1,III paravermis <  III  <  Anterior Lobe  <  cerebellar hemispheres  < cerebellar cortex,III paravermis <  III  <  Anterior Lobe  <  cerebellar hemispheres  <  cerebellar cortex  <  cerebellum  <  metencephalon  < gray matter
nucleus of the diagonal band horizontal division,56,3,0.7191528103886147,0.0346,1,nucleus of the diagonal band horizontal division <  nucleus of the diagonal band  <  substantia innominata  < basal forebrain,nucleus of the diagonal band horizontal division <  nucleus of the diagonal band  <  substantia innominata  <  basal forebrain  <  cerebral nuclei  <  telencephalon  < gray matter
lateral group of nuclei dorsal division,106,4,1.361253533949878,0.0468,1,lateral group of nuclei dorsal division <  lateral group of nuclei  < dorsal thalamus,lateral group of nuclei dorsal division <  lateral group of nuclei  <  dorsal thalamus  <  thalamus  <  diencephalon  < gray matter
postcentral gyrus bank of the central sulcus,4,1,0.05136805788490105,0.05,1,postcentral gyrus bank of the central sulcus <  postcentral gyrus  < parietal lobe,postcentral gyrus bank of the central sulcus <  postcentral gyrus  <  parietal lobe  <  cerebral cortex  <  telencephalon  < gray matter
superior temporal gyrus lateral bank of gyrus,4,1,0.05136805788490105,0.05,1,superior temporal gyrus lateral bank of gyrus <  superior temporal gyrus  < temporal lobe,superior temporal gyrus lateral bank of gyrus <  superior temporal gyrus  <  temporal lobe  <  cerebral cortex  <  telencephalon  < gray matter
supraoptic nucleus,328,8,4.212180746561886,0.0599,1,supraoptic nucleus < anterior hypothalamic region,supraoptic nucleus <  anterior hypothalamic region  <  hypothalamus  <  diencephalon  < gray matter
lingual gyrus striate,71,3,0.9117830274569937,0.0622,1,lingual gyrus striate <  lingual gyrus  < occipital lobe,lingual gyrus striate <  lingual gyrus  <  occipital lobe  <  cerebral cortex  <  telencephalon  < gray matter
V lateral hemisphere,130,4,1.669461881259284,0.085,1,V lateral hemisphere <  V  <  Anterior Lobe  <  cerebellar hemispheres  < cerebellar cortex,V lateral hemisphere <  V  <  Anterior Lobe  <  cerebellar hemispheres  <  cerebellar cortex  <  cerebellum  <  metencephalon  < gray matter
V,83,3,1.0658872011116969,0.0897,1,V <  anterior lobe of the vermis  <  vermis  < cerebellar cortex,V <  anterior lobe of the vermis  <  vermis  <  cerebellar cortex  <  cerebellum  <  metencephalon  < gray matter
cuneus striate,87,3,1.1172552589965978,0.0998,1,cuneus striate <  cuneus  < occipital lobe,cuneus striate <  cuneus  <  occipital lobe  <  cerebral cortex  <  telencephalon  < gray matter
IV,94,3,1.2071493602951748,0.119,1,IV <  anterior lobe of the vermis  <  vermis  < cerebellar cortex,IV <  anterior lobe of the vermis  <  vermis  <  cerebellar cortex  <  cerebellum  <  metencephalon  < gray matter
substantia nigra pars compacta,205,5,2.6326129666011786,0.122,1,substantia nigra pars compacta < substantia nigra,substantia nigra pars compacta <  substantia nigra  <  midbrain tegmentum  <  mesencephalon  < gray matter
pontine nuclei,158,4,2.0290382864535914,0.144,1,pontine nuclei < basal part of pons,pontine nuclei <  basal part of pons  <  pons  <  metencephalon  < gray matter
VIIIB lateral hemisphere,1075,18,13.805165556567157,0.145,1,VIIIB lateral hemisphere <  VIIIB  <  Posterior Lobe  <  cerebellar hemispheres  < cerebellar cortex,VIIIB lateral hemisphere <  VIIIB  <  Posterior Lobe  <  cerebellar hemispheres  <  cerebellar cortex  <  cerebellum  <  metencephalon  < gray matter
fusiform gyrus lateral bank of gyrus,13,1,0.1669461881259284,0.154,1,fusiform gyrus lateral bank of gyrus <  fusiform gyrus  < temporal lobe,fusiform gyrus lateral bank of gyrus <  fusiform gyrus  <  temporal lobe  <  cerebral cortex  <  telencephalon  < gray matter
superior rostral gyrus,108,3,1.3869375628923284,0.16,1,superior rostral gyrus < frontal lobe,superior rostral gyrus <  frontal lobe  <  cerebral cortex  <  telencephalon  < gray matter
locus ceruleus,174,4,2.2345105179931957,0.183,1,locus ceruleus < pontine tegmentum,locus ceruleus <  pontine tegmentum  <  pons  <  metencephalon  < gray matter
parahippocampal gyrus lateral bank of gyrus,16,1,0.2054722315396042,0.186,1,parahippocampal gyrus lateral bank of gyrus <  parahippocampal gyrus  < limbic lobe,parahippocampal gyrus lateral bank of gyrus <  parahippocampal gyrus  <  limbic lobe  <  cerebral cortex  <  telencephalon  < gray matter
IX paravermis,119,3,1.5281997220758063,0.194,1,IX paravermis <  IX  <  Posterior Lobe  <  cerebellar hemispheres  < cerebellar cortex,IX paravermis <  IX  <  Posterior Lobe  <  cerebellar hemispheres  <  cerebellar cortex  <  cerebellum  <  metencephalon  < gray matter
dentate gyrus,918,15,11.788969284584791,0.196,1,dentate gyrus <  hippocampal formation  < limbic lobe,dentate gyrus <  hippocampal formation  <  limbic lobe  <  cerebral cortex  <  telencephalon  < gray matter
fusiform gyrus bank of cos,17,1,0.21831424601082947,0.196,1,fusiform gyrus bank of cos <  fusiform gyrus  < temporal lobe,fusiform gyrus bank of cos <  fusiform gyrus  <  temporal lobe  <  cerebral cortex  <  telencephalon  < gray matter
CA1 field,192,4,2.46566677847525,0.23,1,CA1 field <  hippocampal formation  < limbic lobe,CA1 field <  hippocampal formation  <  limbic lobe  <  cerebral cortex  <  telencephalon  < gray matter
preoptic region,76,2,0.9759930998131199,0.253,1,preoptic region < hypothalamus,preoptic region <  hypothalamus  <  diencephalon  < gray matter
globus pallidus internal segment,137,3,1.7593559825578609,0.254,1,globus pallidus internal segment <  globus pallidus  < basal ganglia,globus pallidus internal segment <  globus pallidus  <  basal ganglia  <  cerebral nuclei  <  telencephalon  < gray matter
paraventricular nucleus of the hypothalamus,77,2,0.9888351142843452,0.257,1,paraventricular nucleus of the hypothalamus < anterior hypothalamic region,paraventricular nucleus of the hypothalamus <  anterior hypothalamic region  <  hypothalamus  <  diencephalon  < gray matter
superior colliculus,27,1,0.3467343907230821,0.293,1,superior colliculus < midbrain tectum,superior colliculus <  midbrain tectum  <  mesencephalon  < gray matter
parolfactory gyri,85,2,1.0915712300541471,0.295,1,parolfactory gyri < frontal lobe,parolfactory gyri <  frontal lobe  <  cerebral cortex  <  telencephalon  < gray matter
VIIIB paravermis,33,1,0.42378647755043364,0.345,1,VIIIB paravermis <  VIIIB  <  Posterior Lobe  <  cerebellar hemispheres  < cerebellar cortex,VIIIB paravermis <  VIIIB  <  Posterior Lobe  <  cerebellar hemispheres  <  cerebellar cortex  <  cerebellum  <  metencephalon  < gray matter
corpus callosum,1570,22,20.161962719823663,0.353,1,corpus callosum < telencephalic commissures,corpus callosum <  telencephalic commissures  <  telencephalic white matter  < white matter
basolateral nucleus,34,1,0.43662849202165893,0.354,1,basolateral nucleus < amygdala,basolateral nucleus <  amygdala  <  cerebral nuclei  <  telencephalon  < gray matter
inferior temporal gyrus lateral bank of gyrus,39,1,0.5008385643777853,0.394,1,inferior temporal gyrus lateral bank of gyrus <  inferior temporal gyrus  < temporal lobe,inferior temporal gyrus lateral bank of gyrus <  inferior temporal gyrus  <  temporal lobe  <  cerebral cortex  <  telencephalon  < gray matter
temporal pole superior aspect,39,1,0.5008385643777853,0.394,1,temporal pole superior aspect <  temporal pole  < temporal lobe,temporal pole superior aspect <  temporal pole  <  temporal lobe  <  cerebral cortex  <  telencephalon  < gray matter
supramarginal gyrus superior bank of gyrus,108,2,1.3869375628923284,0.401,1,supramarginal gyrus superior bank of gyrus <  supramarginal gyrus  <  inferior parietal lobule  < parietal lobe,supramarginal gyrus superior bank of gyrus <  supramarginal gyrus  <  inferior parietal lobule  <  parietal lobe  <  cerebral cortex  <  telencephalon  < gray matter
CA4 field,188,3,2.4142987205903497,0.43,1,CA4 field <  hippocampal formation  < limbic lobe,CA4 field <  hippocampal formation  <  limbic lobe  <  cerebral cortex  <  telencephalon  < gray matter
medial geniculate complex,45,1,0.5778906512051368,0.439,1,medial geniculate complex < dorsal thalamus,medial geniculate complex <  dorsal thalamus  <  thalamus  <  diencephalon  < gray matter
subthalamic nucleus,267,4,3.428817863817145,0.443,1,subthalamic nucleus < subthalamus,subthalamic nucleus <  subthalamus  <  diencephalon  < gray matter
principal sensory nucleus of trigeminal nerve,118,2,1.515357707604581,0.445,1,principal sensory nucleus of trigeminal nerve <  trigeminal nuclei  < pontine tegmentum,principal sensory nucleus of trigeminal nerve <  trigeminal nuclei  <  pontine tegmentum  <  pons  <  metencephalon  < gray matter
septal nuclei,47,1,0.6035746801475874,0.453,1,septal nuclei < basal forebrain,septal nuclei <  basal forebrain  <  cerebral nuclei  <  telencephalon  < gray matter
central nucleus,49,1,0.6292587090900379,0.467,1,central nucleus < amygdala,central nucleus <  amygdala  <  cerebral nuclei  <  telencephalon  < gray matter
postcentral gyrus superior lateral aspect of gyrus,52,1,0.6677847525037136,0.487,1,postcentral gyrus superior lateral aspect of gyrus <  postcentral gyrus  < parietal lobe,postcentral gyrus superior lateral aspect of gyrus <  postcentral gyrus  <  parietal lobe  <  cerebral cortex  <  telencephalon  < gray matter
body of caudate nucleus,56,1,0.7191528103886147,0.513,1,body of the caudate nucleus  <  caudate nucleus  <  striatum  < basal ganglia,body of caudate nucleus <  body of the caudate nucleus  <  caudate nucleus  <  striatum  <  basal ganglia  <  cerebral nuclei  <  telencephalon  < gray matter
lateral group of nuclei ventral division,56,1,0.7191528103886147,0.513,1,lateral group of nuclei ventral division <  lateral group of nuclei  < dorsal thalamus,lateral group of nuclei ventral division <  lateral group of nuclei  <  dorsal thalamus  <  thalamus  <  diencephalon  < gray matter
VIIB,224,3,2.8766112415544587,0.546,1,VIIB <  posterior lobe of the vermis  <  vermis  < cerebellar cortex,VIIB <  posterior lobe of the vermis  <  vermis  <  cerebellar cortex  <  cerebellum  <  metencephalon  < gray matter
VI paravermis,62,1,0.7962048972159662,0.549,1,VI paravermis <  VI  <  Posterior Lobe  <  cerebellar hemispheres  < cerebellar cortex,VI paravermis <  VI  <  Posterior Lobe  <  cerebellar hemispheres  <  cerebellar cortex  <  cerebellum  <  metencephalon  < gray matter
medial mammillary nucleus,235,3,3.017873400737937,0.578,1,medial mammillary nucleus <  mammillary body  < mammillary region,medial mammillary nucleus <  mammillary body  <  mammillary region  <  hypothalamus  <  diencephalon  < gray matter
inferior olivary complex,243,3,3.1206095165077388,0.601,1,inferior olivary complex <  myelencephalon  < gray matter,inferior olivary complex <  myelencephalon  < gray matter
IX,171,2,2.19598447457952,0.643,1,IX <  posterior lobe of the vermis  <  vermis  < cerebellar cortex,IX <  posterior lobe of the vermis  <  vermis  <  cerebellar cortex  <  cerebellum  <  metencephalon  < gray matter
abducens nucleus,175,2,2.247352532464421,0.656,1,abducens nucleus < pontine tegmentum,abducens nucleus <  pontine tegmentum  <  pons  <  metencephalon  < gray matter
reticular nucleus of thalamus,267,3,3.428817863817145,0.664,1,reticular nucleus of thalamus < ventral thalamus,reticular nucleus of thalamus <  ventral thalamus  <  thalamus  <  diencephalon  < gray matter
VIIIA,86,1,1.1044132445253727,0.669,1,VIIIA <  posterior lobe of the vermis  <  vermis  < cerebellar cortex,VIIIA <  posterior lobe of the vermis  <  vermis  <  cerebellar cortex  <  cerebellum  <  metencephalon  < gray matter
lateral parabrachial nucleus,88,1,1.130097273467823,0.677,1,lateral parabrachial nucleus < pontine tegmentum,lateral parabrachial nucleus <  pontine tegmentum  <  pons  <  metencephalon  < gray matter
ventromedial hypothalamic nucleus,88,1,1.130097273467823,0.677,1,ventromedial hypothalamic nucleus < tuberal region,ventromedial hypothalamic nucleus <  tuberal region  <  hypothalamus  <  diencephalon  < gray matter
bed nucleus of stria terminalis,93,1,1.1943073458239493,0.697,1,bed nucleus of stria terminalis <  substantia innominata  < basal forebrain,bed nucleus of stria terminalis <  substantia innominata  <  basal forebrain  <  cerebral nuclei  <  telencephalon  < gray matter
dorsal motor nucleus of the vagus,93,1,1.1943073458239493,0.697,1,dorsal motor nucleus of the vagus <  myelencephalon  < gray matter,dorsal motor nucleus of the vagus <  myelencephalon  < gray matter
lateral mammillary nucleus,374,4,4.802913412238248,0.705,1,lateral mammillary nucleus <  mammillary body  < mammillary region,lateral mammillary nucleus <  mammillary body  <  mammillary region  <  hypothalamus  <  diencephalon  < gray matter
dentate nucleus,95,1,1.2199913747664,0.705,1,dentate nucleus < cerebellar nuclei,dentate nucleus <  cerebellar nuclei  <  cerebellum  <  metencephalon  < gray matter
VIIIA lateral hemisphere,99,1,1.271359432651301,0.72,1,VIIIA lateral hemisphere <  VIIIA  <  Posterior Lobe  <  cerebellar hemispheres  < cerebellar cortex,VIIIA lateral hemisphere <  VIIIA  <  Posterior Lobe  <  cerebellar hemispheres  <  cerebellar cortex  <  cerebellum  <  metencephalon  < gray matter
putamen,101,1,1.2970434615937514,0.727,1,putamen <  striatum  < basal ganglia,putamen <  striatum  <  basal ganglia  <  cerebral nuclei  <  telencephalon  < gray matter
VI,103,1,1.322727490536202,0.734,1,VI <  posterior lobe of the vermis  <  vermis  < cerebellar cortex,VI <  posterior lobe of the vermis  <  vermis  <  cerebellar cortex  <  cerebellum  <  metencephalon  < gray matter
claustrum,226,2,2.902295270496909,0.786,1,claustrum < cerebral nuclei,claustrum <  cerebral nuclei  <  telencephalon  < gray matter
basal nucleus of meynert,253,2,3.2490296612199914,0.836,1,basal nucleus of meynert <  substantia innominata  < basal forebrain,basal nucleus of meynert <  substantia innominata  <  basal forebrain  <  cerebral nuclei  <  telencephalon  < gray matter
subcuneiform nucleus,254,2,3.2618716756912165,0.837,1,subcuneiform nucleus < midbrain reticular formation,subcuneiform nucleus <  midbrain reticular formation  <  midbrain tegmentum  <  mesencephalon  < gray matter
substantia nigra pars reticulata,261,2,3.3517657769897933,0.848,1,substantia nigra pars reticulata < substantia nigra,substantia nigra pars reticulata <  substantia nigra  <  midbrain tegmentum  <  mesencephalon  < gray matter
globose nucleus,366,3,4.700177296468445,0.848,1,globose nucleus < cerebellar nuclei,globose nucleus <  cerebellar nuclei  <  cerebellum  <  metencephalon  < gray matter
zona incerta,569,5,7.307106234127174,0.854,1,zona incerta <  ventral thalamus  < thalamus,zona incerta <  ventral thalamus  <  thalamus  <  diencephalon  < gray matter
lateral tuberal nucleus,152,1,1.9519861996262398,0.859,1,lateral tuberal nucleus < tuberal region,lateral tuberal nucleus <  tuberal region  <  hypothalamus  <  diencephalon  < gray matter
globus pallidus external segment,484,4,6.215535004073026,0.868,1,globus pallidus external segment <  globus pallidus  < basal ganglia,globus pallidus external segment <  globus pallidus  <  basal ganglia  <  cerebral nuclei  <  telencephalon  < gray matter
superior olivary complex,166,1,2.1317744022233938,0.882,1,superior olivary complex < pontine tegmentum,superior olivary complex <  pontine tegmentum  <  pons  <  metencephalon  < gray matter
central glial substance,2509,26,32.220614308304185,0.893,1,central glial substance <  myelencephalon  < gray matter,central glial substance <  myelencephalon  < gray matter
hypoglossal nucleus,184,1,2.3629306627054483,0.907,1,hypoglossal nucleus <  myelencephalon  < gray matter,hypoglossal nucleus <  myelencephalon  < gray matter
CA2 field,190,1,2.4399827495328,0.914,1,CA2 field <  hippocampal formation  < limbic lobe,CA2 field <  hippocampal formation  <  limbic lobe  <  cerebral cortex  <  telencephalon  < gray matter
caudal group of intralaminar nuclei,201,1,2.5812449087162777,0.925,1,caudal group of intralaminar nuclei < dorsal thalamus,caudal group of intralaminar nuclei <  dorsal thalamus  <  thalamus  <  diencephalon  < gray matter
IV lateral hemisphere,342,2,4.39196894915904,0.934,1,IV lateral hemisphere <  IV  <  Anterior Lobe  <  cerebellar hemispheres  < cerebellar cortex,IV lateral hemisphere <  IV  <  Anterior Lobe  <  cerebellar hemispheres  <  cerebellar cortex  <  cerebellum  <  metencephalon  < gray matter
motor nucleus of trigeminal nerve,385,2,4.944175571421726,0.959,1,motor nucleus of trigeminal nerve <  trigeminal nuclei  < pontine tegmentum,motor nucleus of trigeminal nerve <  trigeminal nuclei  <  pontine tegmentum  <  pons  <  metencephalon  < gray matter
cuneate nucleus,331,1,4.2507067899755615,0.986,1,cuneate nucleus <  myelencephalon  < gray matter,cuneate nucleus <  myelencephalon  < gray matter
oculomotor nuclear complex,366,1,4.700177296468445,0.991,1,oculomotor nuclear complex < midbrain tegmentum,oculomotor nuclear complex <  midbrain tegmentum  <  mesencephalon  < gray matter
amygdalohippocampal transition zone,92,NA,1.1814653313527241,NA,NA,amygdalohippocampal transition zone <  amygdala  <  cerebral nuclei  <  telencephalon  < gray matter,amygdalohippocampal transition zone <  amygdala  <  cerebral nuclei  <  telencephalon  < gray matter
angular gyrus superior bank of gyrus,8,NA,0.1027361157698021,NA,NA,angular gyrus superior bank of gyrus <  angular gyrus  <  inferior parietal lobule  <  parietal lobe  <  cerebral cortex  <  telencephalon  < gray matter,angular gyrus superior bank of gyrus <  angular gyrus  <  inferior parietal lobule  <  parietal lobe  <  cerebral cortex  <  telencephalon  < gray matter
anterior group of nuclei,16,NA,0.2054722315396042,NA,NA,anterior group of nuclei <  dorsal thalamus  <  thalamus  <  diencephalon  < gray matter,anterior group of nuclei <  dorsal thalamus  <  thalamus  <  diencephalon  < gray matter
anterior orbital gyrus,33,NA,0.42378647755043364,NA,NA,anterior orbital gyrus <  frontal lobe  <  cerebral cortex  <  telencephalon  < gray matter,anterior orbital gyrus <  frontal lobe  <  cerebral cortex  <  telencephalon  < gray matter
arcuate nucleus of medulla,38,NA,0.48799654990655994,NA,NA,arcuate nucleus of medulla <  myelencephalon  < gray matter,arcuate nucleus of medulla <  myelencephalon  < gray matter
basomedial nucleus,48,NA,0.6164166946188125,NA,NA,basomedial nucleus <  amygdala  <  cerebral nuclei  <  telencephalon  < gray matter,basomedial nucleus <  amygdala  <  cerebral nuclei  <  telencephalon  < gray matter
central gray substance of midbrain,4,NA,0.05136805788490105,NA,NA,central gray substance of midbrain <  midbrain tegmentum  <  mesencephalon  < gray matter,central gray substance of midbrain <  midbrain tegmentum  <  mesencephalon  < gray matter
central medullary reticular group,62,NA,0.7962048972159662,NA,NA,central medullary reticular group <  medullary reticular formation  <  myelencephalon  < gray matter,central medullary reticular group <  medullary reticular formation  <  myelencephalon  < gray matter
cingulate gyrus frontal part superior bank of gyrus,1,NA,0.012842014471225262,NA,NA,cingulate gyrus frontal part superior bank of gyrus <  cingulate gyrus frontal part  <  cingulate gyrus  <  limbic lobe  <  cerebral cortex  <  telencephalon  < gray matter,cingulate gyrus frontal part superior bank of gyrus <  cingulate gyrus frontal part  <  cingulate gyrus  <  limbic lobe  <  cerebral cortex  <  telencephalon  < gray matter
cingulate gyrus parietal part inferior bank of gyrus,4,NA,0.05136805788490105,NA,NA,cingulate gyrus parietal part inferior bank of gyrus <  cingulate gyrus parietal part  <  cingulate gyrus  <  limbic lobe  <  cerebral cortex  <  telencephalon  < gray matter,cingulate gyrus parietal part inferior bank of gyrus <  cingulate gyrus parietal part  <  cingulate gyrus  <  limbic lobe  <  cerebral cortex  <  telencephalon  < gray matter
cingulate gyrus parietal part superior bank of gyrus,2,NA,0.025684028942450525,NA,NA,cingulate gyrus parietal part superior bank of gyrus <  cingulate gyrus parietal part  <  cingulate gyrus  <  limbic lobe  <  cerebral cortex  <  telencephalon  < gray matter,cingulate gyrus parietal part superior bank of gyrus <  cingulate gyrus parietal part  <  cingulate gyrus  <  limbic lobe  <  cerebral cortex  <  telencephalon  < gray matter
cingulate gyrus retrosplenial part superior bank of gyrus,50,NA,0.6421007235612631,NA,NA,cingulate gyrus retrosplenial part superior bank of gyrus <  cingulate gyrus retrosplenial part  <  cingulate gyrus  <  limbic lobe  <  cerebral cortex  <  telencephalon  < gray matter,cingulate gyrus retrosplenial part superior bank of gyrus <  cingulate gyrus retrosplenial part  <  cingulate gyrus  <  limbic lobe  <  cerebral cortex  <  telencephalon  < gray matter
cochlear nuclei,44,NA,0.5650486367339115,NA,NA,cochlear nuclei <  myelencephalon  < gray matter,cochlear nuclei <  myelencephalon  < gray matter
cortico-medial group,21,NA,0.2696823038957305,NA,NA,cortico-medial group <  amygdala  <  cerebral nuclei  <  telencephalon  < gray matter,cortico-medial group <  amygdala  <  cerebral nuclei  <  telencephalon  < gray matter
Crus I lateral hemisphere,13,NA,0.1669461881259284,NA,NA,Crus I lateral hemisphere <  crus I  <  Posterior Lobe  <  cerebellar hemispheres  <  cerebellar cortex  <  cerebellum  <  metencephalon  < gray matter,Crus I lateral hemisphere <  crus I  <  Posterior Lobe  <  cerebellar hemispheres  <  cerebellar cortex  <  cerebellum  <  metencephalon  < gray matter
Crus I paravermis,12,NA,0.15410417365470314,NA,NA,Crus I paravermis <  crus I  <  Posterior Lobe  <  cerebellar hemispheres  <  cerebellar cortex  <  cerebellum  <  metencephalon  < gray matter,Crus I paravermis <  crus I  <  Posterior Lobe  <  cerebellar hemispheres  <  cerebellar cortex  <  cerebellum  <  metencephalon  < gray matter
Crus II lateral hemisphere,99,NA,1.271359432651301,NA,NA,Crus II lateral hemisphere <  crus II  <  Posterior Lobe  <  cerebellar hemispheres  <  cerebellar cortex  <  cerebellum  <  metencephalon  < gray matter,Crus II lateral hemisphere <  crus II  <  Posterior Lobe  <  cerebellar hemispheres  <  cerebellar cortex  <  cerebellum  <  metencephalon  < gray matter
Crus II paravermis,91,NA,1.168623316881499,NA,NA,Crus II paravermis <  crus II  <  Posterior Lobe  <  cerebellar hemispheres  <  cerebellar cortex  <  cerebellum  <  metencephalon  < gray matter,Crus II paravermis <  crus II  <  Posterior Lobe  <  cerebellar hemispheres  <  cerebellar cortex  <  cerebellum  <  metencephalon  < gray matter
cuneiform nucleus,42,NA,0.539364607791461,NA,NA,cuneiform nucleus <  midbrain reticular formation  <  midbrain tegmentum  <  mesencephalon  < gray matter,cuneiform nucleus <  midbrain reticular formation  <  midbrain tegmentum  <  mesencephalon  < gray matter
cuneus peristriate,10,NA,0.12842014471225263,NA,NA,cuneus peristriate <  cuneus  <  occipital lobe  <  cerebral cortex  <  telencephalon  < gray matter,cuneus peristriate <  cuneus  <  occipital lobe  <  cerebral cortex  <  telencephalon  < gray matter
dorsomedial hypothalamic nucleus,21,NA,0.2696823038957305,NA,NA,dorsomedial hypothalamic nucleus <  tuberal region  <  hypothalamus  <  diencephalon  < gray matter,dorsomedial hypothalamic nucleus <  tuberal region  <  hypothalamus  <  diencephalon  < gray matter
facial motor nucleus,168,NA,2.157458431165844,NA,NA,facial motor nucleus <  pontine tegmentum  <  pons  <  metencephalon  < gray matter,facial motor nucleus <  pontine tegmentum  <  pons  <  metencephalon  < gray matter
frontal operculum,3,NA,0.038526043413675784,NA,NA,frontal operculum <  frontal lobe  <  cerebral cortex  <  telencephalon  < gray matter,frontal operculum <  frontal lobe  <  cerebral cortex  <  telencephalon  < gray matter
fusiform gyrus bank of the its,2,NA,0.025684028942450525,NA,NA,fusiform gyrus bank of the its <  fusiform gyrus  <  temporal lobe  <  cerebral cortex  <  telencephalon  < gray matter,fusiform gyrus bank of the its <  fusiform gyrus  <  temporal lobe  <  cerebral cortex  <  telencephalon  < gray matter
gigantocellular group,13,NA,0.1669461881259284,NA,NA,gigantocellular group <  medullary reticular formation  <  myelencephalon  < gray matter,gigantocellular group <  medullary reticular formation  <  myelencephalon  < gray matter
gyrus rectus,4,NA,0.05136805788490105,NA,NA,gyrus rectus <  frontal lobe  <  cerebral cortex  <  telencephalon  < gray matter,gyrus rectus <  frontal lobe  <  cerebral cortex  <  telencephalon  < gray matter
head of caudate nucleus,63,NA,0.8090469116871916,NA,NA,head of caudate nucleus <  head of the caudate nucleus  <  caudate nucleus  <  striatum  <  basal ganglia  <  cerebral nuclei  <  telencephalon  < gray matter,head of caudate nucleus <  head of the caudate nucleus  <  caudate nucleus  <  striatum  <  basal ganglia  <  cerebral nuclei  <  telencephalon  < gray matter
Heschl's gyrus,7,NA,0.08989410129857683,NA,NA,Heschl's gyrus <  temporal lobe  <  cerebral cortex  <  telencephalon  < gray matter,Heschl's gyrus <  temporal lobe  <  cerebral cortex  <  telencephalon  < gray matter
III,50,NA,0.6421007235612631,NA,NA,III <  anterior lobe of the vermis  <  vermis  <  cerebellar cortex  <  cerebellum  <  metencephalon  < gray matter,III <  anterior lobe of the vermis  <  vermis  <  cerebellar cortex  <  cerebellum  <  metencephalon  < gray matter
inferior colliculus,25,NA,0.32105036178063157,NA,NA,inferior colliculus <  midbrain tectum  <  mesencephalon  < gray matter,inferior colliculus <  midbrain tectum  <  mesencephalon  < gray matter
inferior frontal gyrus opercular part,13,NA,0.1669461881259284,NA,NA,inferior frontal gyrus opercular part <  inferior frontal gyrus  <  frontal lobe  <  cerebral cortex  <  telencephalon  < gray matter,inferior frontal gyrus opercular part <  inferior frontal gyrus  <  frontal lobe  <  cerebral cortex  <  telencephalon  < gray matter
inferior frontal gyrus orbital part,6,NA,0.07705208682735157,NA,NA,inferior frontal gyrus orbital part <  inferior frontal gyrus  <  frontal lobe  <  cerebral cortex  <  telencephalon  < gray matter,inferior frontal gyrus orbital part <  inferior frontal gyrus  <  frontal lobe  <  cerebral cortex  <  telencephalon  < gray matter
inferior frontal gyrus triangular part,7,NA,0.08989410129857683,NA,NA,inferior frontal gyrus triangular part <  inferior frontal gyrus  <  frontal lobe  <  cerebral cortex  <  telencephalon  < gray matter,inferior frontal gyrus triangular part <  inferior frontal gyrus  <  frontal lobe  <  cerebral cortex  <  telencephalon  < gray matter
inferior occipital gyrus inferior bank of gyrus,2,NA,0.025684028942450525,NA,NA,inferior occipital gyrus inferior bank of gyrus <  inferior occipital gyrus  <  occipital lobe  <  cerebral cortex  <  telencephalon  < gray matter,inferior occipital gyrus inferior bank of gyrus <  inferior occipital gyrus  <  occipital lobe  <  cerebral cortex  <  telencephalon  < gray matter
inferior occipital gyrus superior bank of gyrus,22,NA,0.28252431836695574,NA,NA,inferior occipital gyrus superior bank of gyrus <  inferior occipital gyrus  <  occipital lobe  <  cerebral cortex  <  telencephalon  < gray matter,inferior occipital gyrus superior bank of gyrus <  inferior occipital gyrus  <  occipital lobe  <  cerebral cortex  <  telencephalon  < gray matter
inferior rostral gyrus,3,NA,0.038526043413675784,NA,NA,inferior rostral gyrus <  frontal lobe  <  cerebral cortex  <  telencephalon  < gray matter,inferior rostral gyrus <  frontal lobe  <  cerebral cortex  <  telencephalon  < gray matter
inferior temporal gyrus bank of the its,2,NA,0.025684028942450525,NA,NA,inferior temporal gyrus bank of the its <  inferior temporal gyrus  <  temporal lobe  <  cerebral cortex  <  telencephalon  < gray matter,inferior temporal gyrus bank of the its <  inferior temporal gyrus  <  temporal lobe  <  cerebral cortex  <  telencephalon  < gray matter
IV paravermis,40,NA,0.5136805788490105,NA,NA,IV paravermis <  IV  <  Anterior Lobe  <  cerebellar hemispheres  <  cerebellar cortex  <  cerebellum  <  metencephalon  < gray matter,IV paravermis <  IV  <  Anterior Lobe  <  cerebellar hemispheres  <  cerebellar cortex  <  cerebellum  <  metencephalon  < gray matter
lateral hypothalamic area anterior region,40,NA,0.5136805788490105,NA,NA,lateral hypothalamic area anterior region <  anterior hypothalamic region  <  hypothalamus  <  diencephalon  < gray matter,lateral hypothalamic area anterior region <  anterior hypothalamic region  <  hypothalamus  <  diencephalon  < gray matter
lateral hypothalamic area mammillary region,15,NA,0.19263021706837893,NA,NA,lateral hypothalamic area mammillary region <  mammillary region  <  hypothalamus  <  diencephalon  < gray matter,lateral hypothalamic area mammillary region <  mammillary region  <  hypothalamus  <  diencephalon  < gray matter
lateral hypothalamic area tuberal region,20,NA,0.25684028942450526,NA,NA,lateral hypothalamic area tuberal region <  tuberal region  <  hypothalamus  <  diencephalon  < gray matter,lateral hypothalamic area tuberal region <  tuberal region  <  hypothalamus  <  diencephalon  < gray matter
lateral medullary reticular group,47,NA,0.6035746801475874,NA,NA,lateral medullary reticular group <  medullary reticular formation  <  myelencephalon  < gray matter,lateral medullary reticular group <  medullary reticular formation  <  myelencephalon  < gray matter
lateral nucleus,99,NA,1.271359432651301,NA,NA,lateral nucleus <  amygdala  <  cerebral nuclei  <  telencephalon  < gray matter,lateral nucleus <  amygdala  <  cerebral nuclei  <  telencephalon  < gray matter
lateral orbital gyrus,2,NA,0.025684028942450525,NA,NA,lateral orbital gyrus <  frontal lobe  <  cerebral cortex  <  telencephalon  < gray matter,lateral orbital gyrus <  frontal lobe  <  cerebral cortex  <  telencephalon  < gray matter
lingual gyrus peristriate,10,NA,0.12842014471225263,NA,NA,lingual gyrus peristriate <  lingual gyrus  <  occipital lobe  <  cerebral cortex  <  telencephalon  < gray matter,lingual gyrus peristriate <  lingual gyrus  <  occipital lobe  <  cerebral cortex  <  telencephalon  < gray matter
medial group of nuclei,10,NA,0.12842014471225263,NA,NA,medial group of nuclei <  dorsal thalamus  <  thalamus  <  diencephalon  < gray matter,medial group of nuclei <  dorsal thalamus  <  thalamus  <  diencephalon  < gray matter
medial orbital gyrus,3,NA,0.038526043413675784,NA,NA,medial orbital gyrus <  frontal lobe  <  cerebral cortex  <  telencephalon  < gray matter,medial orbital gyrus <  frontal lobe  <  cerebral cortex  <  telencephalon  < gray matter
medial parabrachial nucleus,52,NA,0.6677847525037136,NA,NA,medial parabrachial nucleus <  pontine tegmentum  <  pons  <  metencephalon  < gray matter,medial parabrachial nucleus <  pontine tegmentum  <  pons  <  metencephalon  < gray matter
middle frontal gyrus inferior bank of gyrus,5,NA,0.06421007235612632,NA,NA,middle frontal gyrus inferior bank of gyrus <  middle frontal gyrus  <  frontal lobe  <  cerebral cortex  <  telencephalon  < gray matter,middle frontal gyrus inferior bank of gyrus <  middle frontal gyrus  <  frontal lobe  <  cerebral cortex  <  telencephalon  < gray matter
middle frontal gyrus superior bank of gyrus,1,NA,0.012842014471225262,NA,NA,middle frontal gyrus superior bank of gyrus <  middle frontal gyrus  <  frontal lobe  <  cerebral cortex  <  telencephalon  < gray matter,middle frontal gyrus superior bank of gyrus <  middle frontal gyrus  <  frontal lobe  <  cerebral cortex  <  telencephalon  < gray matter
nucleus accumbens,87,NA,1.1172552589965978,NA,NA,nucleus accumbens <  striatum  <  basal ganglia  <  cerebral nuclei  <  telencephalon  < gray matter,nucleus accumbens <  striatum  <  basal ganglia  <  cerebral nuclei  <  telencephalon  < gray matter
nucleus of the diagonal band vertical division,113,NA,1.4511476352484545,NA,NA,nucleus of the diagonal band vertical division <  nucleus of the diagonal band  <  substantia innominata  <  basal forebrain  <  cerebral nuclei  <  telencephalon  < gray matter,nucleus of the diagonal band vertical division <  nucleus of the diagonal band  <  substantia innominata  <  basal forebrain  <  cerebral nuclei  <  telencephalon  < gray matter
nucleus subceruleus,14,NA,0.17978820259715367,NA,NA,nucleus subceruleus <  pontine tegmentum  <  pons  <  metencephalon  < gray matter,nucleus subceruleus <  pontine tegmentum  <  pons  <  metencephalon  < gray matter
occipito-temporal gyrus inferior bank of gyrus,1,NA,0.012842014471225262,NA,NA,occipito-temporal gyrus inferior bank of gyrus <  occipito-temporal gyrus  <  occipital lobe  <  cerebral cortex  <  telencephalon  < gray matter,occipito-temporal gyrus inferior bank of gyrus <  occipito-temporal gyrus  <  occipital lobe  <  cerebral cortex  <  telencephalon  < gray matter
occipito-temporal gyrus superior bank of gyrus,1,NA,0.012842014471225262,NA,NA,occipito-temporal gyrus superior bank of gyrus <  occipito-temporal gyrus  <  occipital lobe  <  cerebral cortex  <  telencephalon  < gray matter,occipito-temporal gyrus superior bank of gyrus <  occipito-temporal gyrus  <  occipital lobe  <  cerebral cortex  <  telencephalon  < gray matter
olfactory tubercle,34,NA,0.43662849202165893,NA,NA,olfactory tubercle <  substantia innominata  <  basal forebrain  <  cerebral nuclei  <  telencephalon  < gray matter,olfactory tubercle <  substantia innominata  <  basal forebrain  <  cerebral nuclei  <  telencephalon  < gray matter
paracentral lobule anterior part inferior bank of gyrus,5,NA,0.06421007235612632,NA,NA,paracentral lobule anterior part inferior bank of gyrus <  paracentral lobule anterior part  <  frontal lobe  <  cerebral cortex  <  telencephalon  < gray matter,paracentral lobule anterior part inferior bank of gyrus <  paracentral lobule anterior part  <  frontal lobe  <  cerebral cortex  <  telencephalon  < gray matter
paracentral lobule anterior part superior bank of gyrus,28,NA,0.35957640519430734,NA,NA,paracentral lobule anterior part superior bank of gyrus <  paracentral lobule anterior part  <  frontal lobe  <  cerebral cortex  <  telencephalon  < gray matter,paracentral lobule anterior part superior bank of gyrus <  paracentral lobule anterior part  <  frontal lobe  <  cerebral cortex  <  telencephalon  < gray matter
parahippocampal gyrus bank of the cos,2,NA,0.025684028942450525,NA,NA,parahippocampal gyrus bank of the cos <  parahippocampal gyrus  <  limbic lobe  <  cerebral cortex  <  telencephalon  < gray matter,parahippocampal gyrus bank of the cos <  parahippocampal gyrus  <  limbic lobe  <  cerebral cortex  <  telencephalon  < gray matter
perifornical nucleus,142,NA,1.8235660549139874,NA,NA,perifornical nucleus <  tuberal region  <  hypothalamus  <  diencephalon  < gray matter,perifornical nucleus <  tuberal region  <  hypothalamus  <  diencephalon  < gray matter
planum polare,2,NA,0.025684028942450525,NA,NA,planum polare <  temporal lobe  <  cerebral cortex  <  telencephalon  < gray matter,planum polare <  temporal lobe  <  cerebral cortex  <  telencephalon  < gray matter
planum temporale,19,NA,0.24399827495327997,NA,NA,planum temporale <  temporal lobe  <  cerebral cortex  <  telencephalon  < gray matter,planum temporale <  temporal lobe  <  cerebral cortex  <  telencephalon  < gray matter
pontine raphe nucleus,12,NA,0.15410417365470314,NA,NA,pontine raphe nucleus <  pontine tegmentum  <  pons  <  metencephalon  < gray matter,pontine raphe nucleus <  pontine tegmentum  <  pons  <  metencephalon  < gray matter
postcentral gyrus bank of the posterior central sulcus,15,NA,0.19263021706837893,NA,NA,postcentral gyrus bank of the posterior central sulcus <  postcentral gyrus  <  parietal lobe  <  cerebral cortex  <  telencephalon  < gray matter,postcentral gyrus bank of the posterior central sulcus <  postcentral gyrus  <  parietal lobe  <  cerebral cortex  <  telencephalon  < gray matter
postcentral gyrus inferior lateral aspect of gyrus,6,NA,0.07705208682735157,NA,NA,postcentral gyrus inferior lateral aspect of gyrus <  postcentral gyrus  <  parietal lobe  <  cerebral cortex  <  telencephalon  < gray matter,postcentral gyrus inferior lateral aspect of gyrus <  postcentral gyrus  <  parietal lobe  <  cerebral cortex  <  telencephalon  < gray matter
posterior group of nuclei,25,NA,0.32105036178063157,NA,NA,posterior group of nuclei <  dorsal thalamus  <  thalamus  <  diencephalon  < gray matter,posterior group of nuclei <  dorsal thalamus  <  thalamus  <  diencephalon  < gray matter
posterior hypothalamic area,17,NA,0.21831424601082947,NA,NA,posterior hypothalamic area <  mammillary region  <  hypothalamus  <  diencephalon  < gray matter,posterior hypothalamic area <  mammillary region  <  hypothalamus  <  diencephalon  < gray matter
posterior orbital gyrus,18,NA,0.2311562604820547,NA,NA,posterior orbital gyrus <  frontal lobe  <  cerebral cortex  <  telencephalon  < gray matter,posterior orbital gyrus <  frontal lobe  <  cerebral cortex  <  telencephalon  < gray matter
precentral gyrus bank of the central sulcus,10,NA,0.12842014471225263,NA,NA,precentral gyrus bank of the central sulcus <  precentral gyrus  <  frontal lobe  <  cerebral cortex  <  telencephalon  < gray matter,precentral gyrus bank of the central sulcus <  precentral gyrus  <  frontal lobe  <  cerebral cortex  <  telencephalon  < gray matter
precentral gyrus bank of the precentral sulcus,3,NA,0.038526043413675784,NA,NA,precentral gyrus bank of the precentral sulcus <  precentral gyrus  <  frontal lobe  <  cerebral cortex  <  telencephalon  < gray matter,precentral gyrus bank of the precentral sulcus <  precentral gyrus  <  frontal lobe  <  cerebral cortex  <  telencephalon  < gray matter
precentral gyrus inferior lateral aspect of gyrus,10,NA,0.12842014471225263,NA,NA,precentral gyrus inferior lateral aspect of gyrus <  precentral gyrus  <  frontal lobe  <  cerebral cortex  <  telencephalon  < gray matter,precentral gyrus inferior lateral aspect of gyrus <  precentral gyrus  <  frontal lobe  <  cerebral cortex  <  telencephalon  < gray matter
precentral gyrus superior lateral aspect of gyrus,12,NA,0.15410417365470314,NA,NA,precentral gyrus superior lateral aspect of gyrus <  precentral gyrus  <  frontal lobe  <  cerebral cortex  <  telencephalon  < gray matter,precentral gyrus superior lateral aspect of gyrus <  precentral gyrus  <  frontal lobe  <  cerebral cortex  <  telencephalon  < gray matter
raphe nuclei of medulla,9,NA,0.11557813024102735,NA,NA,raphe nuclei of medulla <  myelencephalon  < gray matter,raphe nuclei of medulla <  myelencephalon  < gray matter
red nucleus,42,NA,0.539364607791461,NA,NA,red nucleus <  midbrain tegmentum  <  mesencephalon  < gray matter,red nucleus <  midbrain tegmentum  <  mesencephalon  < gray matter
rostral group of intralaminar nuclei,32,NA,0.4109444630792084,NA,NA,rostral group of intralaminar nuclei <  dorsal thalamus  <  thalamus  <  diencephalon  < gray matter,rostral group of intralaminar nuclei <  dorsal thalamus  <  thalamus  <  diencephalon  < gray matter
short insular gyri,9,NA,0.11557813024102735,NA,NA,short insular gyri <  insula  <  cerebral cortex  <  telencephalon  < gray matter,short insular gyri <  insula  <  cerebral cortex  <  telencephalon  < gray matter
spinal trigeminal nucleus,11,NA,0.14126215918347787,NA,NA,spinal trigeminal nucleus <  myelencephalon  < gray matter,spinal trigeminal nucleus <  myelencephalon  < gray matter
subcallosal cingulate gyrus,21,NA,0.2696823038957305,NA,NA,subcallosal cingulate gyrus <  cingulate gyrus  <  limbic lobe  <  cerebral cortex  <  telencephalon  < gray matter,subcallosal cingulate gyrus <  cingulate gyrus  <  limbic lobe  <  cerebral cortex  <  telencephalon  < gray matter
subiculum,23,NA,0.29536633283818103,NA,NA,subiculum <  hippocampal formation  <  limbic lobe  <  cerebral cortex  <  telencephalon  < gray matter,subiculum <  hippocampal formation  <  limbic lobe  <  cerebral cortex  <  telencephalon  < gray matter
superior occipital gyrus inferior bank of gyrus,22,NA,0.28252431836695574,NA,NA,superior occipital gyrus inferior bank of gyrus <  superior occipital gyrus  <  occipital lobe  <  cerebral cortex  <  telencephalon  < gray matter,superior occipital gyrus inferior bank of gyrus <  superior occipital gyrus  <  occipital lobe  <  cerebral cortex  <  telencephalon  < gray matter
superior occipital gyrus superior bank of gyrus,2,NA,0.025684028942450525,NA,NA,superior occipital gyrus superior bank of gyrus <  superior occipital gyrus  <  occipital lobe  <  cerebral cortex  <  telencephalon  < gray matter,superior occipital gyrus superior bank of gyrus <  superior occipital gyrus  <  occipital lobe  <  cerebral cortex  <  telencephalon  < gray matter
superior parietal lobule inferior bank of gyrus,3,NA,0.038526043413675784,NA,NA,superior parietal lobule inferior bank of gyrus <  superior parietal lobule  <  parietal lobe  <  cerebral cortex  <  telencephalon  < gray matter,superior parietal lobule inferior bank of gyrus <  superior parietal lobule  <  parietal lobe  <  cerebral cortex  <  telencephalon  < gray matter
superior temporal gyrus inferior bank of gyrus,1,NA,0.012842014471225262,NA,NA,superior temporal gyrus inferior bank of gyrus <  superior temporal gyrus  <  temporal lobe  <  cerebral cortex  <  telencephalon  < gray matter,superior temporal gyrus inferior bank of gyrus <  superior temporal gyrus  <  temporal lobe  <  cerebral cortex  <  telencephalon  < gray matter
supramammillary nucleus,82,NA,1.0530451866404715,NA,NA,supramammillary nucleus <  mammillary region  <  hypothalamus  <  diencephalon  < gray matter,supramammillary nucleus <  mammillary region  <  hypothalamus  <  diencephalon  < gray matter
supramarginal gyrus inferior bank of gyrus,9,NA,0.11557813024102735,NA,NA,supramarginal gyrus inferior bank of gyrus <  supramarginal gyrus  <  inferior parietal lobule  <  parietal lobe  <  cerebral cortex  <  telencephalon  < gray matter,supramarginal gyrus inferior bank of gyrus <  supramarginal gyrus  <  inferior parietal lobule  <  parietal lobe  <  cerebral cortex  <  telencephalon  < gray matter
tail of caudate nucleus,57,NA,0.73199482485984,NA,NA,tail of caudate nucleus <  tail of the caudate nucleus  <  caudate nucleus  <  striatum  <  basal ganglia  <  cerebral nuclei  <  telencephalon  < gray matter,tail of caudate nucleus <  tail of the caudate nucleus  <  caudate nucleus  <  striatum  <  basal ganglia  <  cerebral nuclei  <  telencephalon  < gray matter
temporal pole inferior aspect,6,NA,0.07705208682735157,NA,NA,temporal pole inferior aspect <  temporal pole  <  temporal lobe  <  cerebral cortex  <  telencephalon  < gray matter,temporal pole inferior aspect <  temporal pole  <  temporal lobe  <  cerebral cortex  <  telencephalon  < gray matter
temporal pole medial aspect,101,NA,1.2970434615937514,NA,NA,temporal pole medial aspect <  temporal pole  <  temporal lobe  <  cerebral cortex  <  telencephalon  < gray matter,temporal pole medial aspect <  temporal pole  <  temporal lobe  <  cerebral cortex  <  telencephalon  < gray matter
transverse gyri,11,NA,0.14126215918347787,NA,NA,transverse gyri <  temporal lobe  <  cerebral cortex  <  telencephalon  < gray matter,transverse gyri <  temporal lobe  <  cerebral cortex  <  telencephalon  < gray matter
tuberomammillary nucleus,68,NA,0.8732569840433179,NA,NA,tuberomammillary nucleus <  mammillary region  <  hypothalamus  <  diencephalon  < gray matter,tuberomammillary nucleus <  mammillary region  <  hypothalamus  <  diencephalon  < gray matter
V paravermis,10,NA,0.12842014471225263,NA,NA,V paravermis <  V  <  Anterior Lobe  <  cerebellar hemispheres  <  cerebellar cortex  <  cerebellum  <  metencephalon  < gray matter,V paravermis <  V  <  Anterior Lobe  <  cerebellar hemispheres  <  cerebellar cortex  <  cerebellum  <  metencephalon  < gray matter
ventral tegmental area,6,NA,0.07705208682735157,NA,NA,ventral tegmental area <  midbrain tegmentum  <  mesencephalon  < gray matter,ventral tegmental area <  midbrain tegmentum  <  mesencephalon  < gray matter
vestibular nuclei,16,NA,0.2054722315396042,NA,NA,vestibular nuclei <  myelencephalon  < gray matter,vestibular nuclei <  myelencephalon  < gray matter
VI lateral hemisphere,31,NA,0.3981024486079831,NA,NA,VI lateral hemisphere <  VI  <  Posterior Lobe  <  cerebellar hemispheres  <  cerebellar cortex  <  cerebellum  <  metencephalon  < gray matter,VI lateral hemisphere <  VI  <  Posterior Lobe  <  cerebellar hemispheres  <  cerebellar cortex  <  cerebellum  <  metencephalon  < gray matter
VIIAt,71,NA,0.9117830274569937,NA,NA,VIIAt <  posterior lobe of the vermis  <  vermis  <  cerebellar cortex  <  cerebellum  <  metencephalon  < gray matter,VIIAt <  posterior lobe of the vermis  <  vermis  <  cerebellar cortex  <  cerebellum  <  metencephalon  < gray matter
VIIB lateral hemisphere,23,NA,0.29536633283818103,NA,NA,VIIB lateral hemisphere <  VIIB  <  Posterior Lobe  <  cerebellar hemispheres  <  cerebellar cortex  <  cerebellum  <  metencephalon  < gray matter,VIIB lateral hemisphere <  VIIB  <  Posterior Lobe  <  cerebellar hemispheres  <  cerebellar cortex  <  cerebellum  <  metencephalon  < gray matter
VIIB paravermis,122,NA,1.5667257654894822,NA,NA,VIIB paravermis <  VIIB  <  Posterior Lobe  <  cerebellar hemispheres  <  cerebellar cortex  <  cerebellum  <  metencephalon  < gray matter,VIIB paravermis <  VIIB  <  Posterior Lobe  <  cerebellar hemispheres  <  cerebellar cortex  <  cerebellum  <  metencephalon  < gray matter
VIIIA paravermis,56,NA,0.7191528103886147,NA,NA,VIIIA paravermis <  VIIIA  <  Posterior Lobe  <  cerebellar hemispheres  <  cerebellar cortex  <  cerebellum  <  metencephalon  < gray matter,VIIIA paravermis <  VIIIA  <  Posterior Lobe  <  cerebellar hemispheres  <  cerebellar cortex  <  cerebellum  <  metencephalon  < gray matter
VIIIB,220,NA,2.8252431836695577,NA,NA,VIIIB <  posterior lobe of the vermis  <  vermis  <  cerebellar cortex  <  cerebellum  <  metencephalon  < gray matter,VIIIB <  posterior lobe of the vermis  <  vermis  <  cerebellar cortex  <  cerebellum  <  metencephalon  < gray matter
