gene_symbol,Howard.pvalue,gene_name,RamakerDir,LabonteDir,DingDir,meta_direction,meta_p,Bonferroni_meta_p,slim_region_location,cell_type_taxon,DE_Prior_Rank
UBE2M,8.89e-07,ubiquitin conjugating enzyme E2 M,++-,++++++,-+-+,+,2.85e-06,0.000768,parolfactory gyri < frontal lobe,Peripheral sensory neurofilament neurons,Not_Available
CKB,1.76e-08,creatine kinase B,++-,++++++,-++-,+,2.94e-06,0.000791,dorsal lateral geniculate nucleus <  dorsal lateral geneiculate nucleus  < dorsal thalamus,Peripheral sensory neurofilament neurons,0.864
ITPR3,1.55e-06,"inositol 1,4,5-trisphosphate receptor type 3",-+-,++++++,Filtered_Out,+,3.95e-06,0.00106,supraoptic nucleus < anterior hypothalamic region,Satellite glia,0.733
HSPA1A,8.13e-08,heat shock protein family A (Hsp70) member 1A,---,------,-+-+,-,9.27e-05,0.0249,corpus callosum < telencephalic commissures,Enteric glia,0.983
KDM3A,1.76e-09,lysine demethylase 3A,+--,----+-,Not_Available,-,0.000201,0.0541,globus pallidus internal segment <  globus pallidus  < basal ganglia,Ependymal cells,0.316
ARHGEF25,1.9e-06,Rho guanine nucleotide exchange factor 25,+++,++++--,Not_Available,+,0.000361,0.0971,VI paravermis <  VI  <  Posterior Lobe  <  cerebellar hemispheres  < cerebellar cortex,Peripheral sensory neurofilament neurons,0.292
ZC3H7B,2.91e-08,zinc finger CCCH-type containing 7B,+++,++++-+,++--,+,0.000664,0.179,pontine nuclei < basal part of pons,Sympathetic cholinergic neurons,0.183
MGAT4C,1.22e-06,MGAT4 family member C,+-+,------,--++,-,0.000863,0.232,dorsal motor nucleus of the vagus <  myelencephalon  < gray matter,Cholinergic and monoaminergic neurons,0.272
BAG5,9.18e-07,BCL2 associated athanogene 5,+--,------,-+--,-,0.00143,0.384,VIIIB lateral hemisphere <  VIIIB  <  Posterior Lobe  <  cerebellar hemispheres  < cerebellar cortex,Sympathetic cholinergic neurons,0.595
ZNF638,1.83e-07,zinc finger protein 638,---,+---+-,Not_Available,-,0.00176,0.472,VIIIB lateral hemisphere <  VIIIB  <  Posterior Lobe  <  cerebellar hemispheres  < cerebellar cortex,Not_Available,0.685
TMEM106B,1.22e-12,transmembrane protein 106B,--+,------,+-++,-,0.00205,0.553,reticular nucleus of thalamus < ventral thalamus,Cholinergic and monoaminergic neurons,0.857
BEND4,1.3e-07,BEN domain containing 4,+-+,------,Not_Available,-,0.0028,0.753,substantia nigra pars compacta < substantia nigra,Cholinergic and monoaminergic neurons,0.855
C16orf45,1.86e-09,BMERB Domain Containing 1,++-,++++--,+--+,+,0.003,0.807,dentate gyrus <  hippocampal formation  < limbic lobe,Cholinergic and monoaminergic neurons,0.584
ZDHHC21,7.5e-09,zinc finger DHHC-type containing 21,+-+,------,++--,-,0.00499,1,VIIIB lateral hemisphere <  VIIIB  <  Posterior Lobe  <  cerebellar hemispheres  < cerebellar cortex,Peripheral sensory neurofilament neurons,0.752
METTL9,1.74e-10,methyltransferase like 9,+-+,+-+-++,-+++,+,0.00554,1,body of the caudate nucleus  <  caudate nucleus  <  striatum  < basal ganglia,Schwann cells,0.218
ZKSCAN8,2.01e-13,zinc finger with KRAB and SCAN domains 8,--+,-----+,Filtered_Out,-,0.00712,1,globus pallidus external segment <  globus pallidus  < basal ganglia,Hindbrain neurons,0.45
ZNF184,3.34e-08,zinc finger protein 184,+--,+-+---,----,-,0.00776,1,CA1 field <  hippocampal formation  < limbic lobe,Non-glutamatergic neuroblasts,0.368
LST1,5.42e-09,leukocyte specific transcript 1,-+-,++++++,-+++,+,0.00805,1,substantia nigra pars reticulata < substantia nigra,Not_Available,0.765
MANEA,1.88e-06,mannosidase endo-alpha,--+,------,+-++,-,0.0083,1,lateral group of nuclei dorsal division <  lateral group of nuclei  < dorsal thalamus,Hindbrain neurons,0.87
PSORS1C1,1.74e-08,psoriasis susceptibility 1 candidate 1,-+-,Missing_P_Values,Filtered_Out,-,0.0103,1,temporal pole superior aspect <  temporal pole  < temporal lobe,Not_Available,0.0512
HLA-DQB1,2.33e-07,"major histocompatibility complex, class II, DQ beta 1",-+-,------,Not_Available,-,0.0104,1,supraoptic nucleus < anterior hypothalamic region,Oligodendrocytes,0.989
SEMA6D,4.1e-09,semaphorin 6D,+--,----++,-++-,-,0.0122,1,substantia nigra pars compacta < substantia nigra,Sympathetic cholinergic neurons,0.981
FADS1,1.25e-07,fatty acid desaturase 1,---,------,+-++,-,0.0126,1,central glial substance <  myelencephalon  < gray matter,Satellite glia,0.866
SOX5,3.79e-09,SRY-box 5,--+,-----+,Filtered_Out,-,0.0131,1,central glial substance <  myelencephalon  < gray matter,Telencephalon projecting excitatory neurons,0.654
CDH22,1.88e-07,cadherin 22,++-,++++-+,--++,+,0.0138,1,IV <  anterior lobe of the vermis  <  vermis  < cerebellar cortex,Cholinergic and monoaminergic neurons,0.324
HARS,2.1e-07,histidyl-tRNA synthetase,+--,++++++,-++-,+,0.0189,1,dorsal lateral geniculate nucleus <  dorsal lateral geneiculate nucleus  < dorsal thalamus,Sympathetic noradrenergic neurons,0.113
TRAF3,3.17e-07,TNF receptor associated factor 3,+++,-++---,----,-,0.0195,1,central glial substance <  myelencephalon  < gray matter,Hindbrain neurons,0.428
HLA-B,4.33e-11,"major histocompatibility complex, class I, B",++-,++++++,+-+-,+,0.0213,1,supraoptic nucleus < anterior hypothalamic region,Not_Available,0.771
PPP6C,1.1e-06,protein phosphatase 6 catalytic subunit,+-+,------,+--+,-,0.0218,1,reticular nucleus of thalamus < ventral thalamus,Sympathetic cholinergic neurons,0.577
SCYL1,6.11e-08,SCY1 like pseudokinase 1,++-,++++-+,--+-,+,0.0227,1,dorsal lateral geniculate nucleus <  dorsal lateral geneiculate nucleus  < dorsal thalamus,Sympathetic cholinergic neurons,0.207
ZNF165,1.95e-12,zinc finger protein 165,+++,++++++,Filtered_Out,+,0.0234,1,dentate nucleus < cerebellar nuclei,Not_Available,0.958
RFTN2,5.41e-07,raftlin family member 2,---,------,++++,-,0.0239,1,corpus callosum < telencephalic commissures,Enteric glia,0.444
EPHB2,1.04e-06,EPH receptor B2,+--,--+---,----,-,0.0261,1,corpus callosum < telencephalic commissures,Enteric glia,0.805
AREL1,3.04e-08,apoptosis resistant E3 ubiquitin protein ligase 1,+-+,----+-,+-+-,-,0.0279,1,V <  anterior lobe of the vermis  <  vermis  < cerebellar cortex,Sympathetic noradrenergic neurons,0.305
HIST1H2BF,3.58e-08,histone cluster 1 H2B family member f,+++,++++++,Filtered_Out,+,0.0323,1,central glial substance <  myelencephalon  < gray matter,Ependymal cells,Not_Available
ASXL3,2.06e-06,ASXL transcriptional regulator 3,--+,+++--+,--++,+,0.0326,1,superior rostral gyrus < frontal lobe,Peripheral sensory non-peptidergic neurons,0.787
GPC5,1.35e-07,glypican 5,--+,-----+,+-++,-,0.0351,1,pontine nuclei < basal part of pons,Peripheral sensory non-peptidergic neurons,0.768
HIST1H2BN,6.9e-17,histone cluster 1 H2B family member n,-+-,++++++,Filtered_Out,+,0.0352,1,III paravermis <  III  <  Anterior Lobe  <  cerebellar hemispheres  < cerebellar cortex,Non-glutamatergic neuroblasts,0.121
FADS2,1.94e-08,fatty acid desaturase 2,---,------,----,-,0.0352,1,central glial substance <  myelencephalon  < gray matter,Satellite glia,0.768
PAX6,1.67e-09,paired box 6,+++,------,---+,-,0.0396,1,IX paravermis <  IX  <  Posterior Lobe  <  cerebellar hemispheres  < cerebellar cortex,Subcommissural organ hypendymal cells,0.825
USP3,2.49e-06,ubiquitin specific peptidase 3,---,------,+-+-,-,0.0401,1,V lateral hemisphere <  V  <  Anterior Lobe  <  cerebellar hemispheres  < cerebellar cortex,Enteric neurons,0.564
ZSCAN9,8.28e-13,zinc finger and SCAN domain containing 9,+++,++++++,Filtered_Out,+,0.0407,1,VIIIB lateral hemisphere <  VIIIB  <  Posterior Lobe  <  cerebellar hemispheres  < cerebellar cortex,Not_Available,0.315
PCDH9,3.53e-10,protocadherin 9,--+,-----+,++++,+,0.0441,1,corpus callosum < telencephalic commissures,Oligodendrocytes,0.94
SGCZ,9.76e-10,sarcoglycan zeta,+-+,++++++,Filtered_Out,+,0.047,1,ventromedial hypothalamic nucleus < tuberal region,Enteric neurons,0.271
BTN2A1,6.69e-12,butyrophilin subfamily 2 member A1,+--,----+-,+--+,-,0.0487,1,VIIIB lateral hemisphere <  VIIIB  <  Posterior Lobe  <  cerebellar hemispheres  < cerebellar cortex,Not_Available,0.42
CCS,2.3e-06,copper chaperone for superoxide dismutase,-+-,++++++,+++-,+,0.0516,1,zona incerta <  ventral thalamus  < thalamus,Sympathetic cholinergic neurons,0.214
HS6ST3,1.66e-08,heparan sulfate 6-O-sulfotransferase 3,+-+,+++---,---+,-,0.0587,1,dorsal lateral geniculate nucleus <  dorsal lateral geneiculate nucleus  < dorsal thalamus,Spinal cord inhibitory neurons,0.72
MARK3,2.68e-07,microtubule affinity regulating kinase 3,++-,+---+-,+-+-,-,0.0612,1,III paravermis <  III  <  Anterior Lobe  <  cerebellar hemispheres  < cerebellar cortex,Peripheral sensory neurofilament neurons,0.125
ZCCHC7,4.19e-12,zinc finger CCHC-type containing 7,---,++++++,++++,+,0.0637,1,dentate gyrus <  hippocampal formation  < limbic lobe,Hindbrain neurons,0.646
OLFM4,1.7e-12,olfactomedin 4,+++,+++-+-,Filtered_Out,+,0.0647,1,supraoptic nucleus < anterior hypothalamic region,Peptidergic neurons,0.99
ZDHHC5,3.47e-08,zinc finger DHHC-type containing 5,+--,--+-++,----,-,0.0693,1,dorsal lateral geniculate nucleus <  dorsal lateral geneiculate nucleus  < dorsal thalamus,Sympathetic cholinergic neurons,0.262
TCF4,4.55e-16,transcription factor 4,-++,--+---,+-++,+,0.0755,1,VIIB <  posterior lobe of the vermis  <  vermis  < cerebellar cortex,Telencephalon inhibitory interneurons,0.968
ZNF501,5.35e-07,zinc finger protein 501,---,+---++,Filtered_Out,-,0.078,1,VIIIB lateral hemisphere <  VIIIB  <  Posterior Lobe  <  cerebellar hemispheres  < cerebellar cortex,Not_Available,0.179
RTN1,1.71e-08,reticulon 1,+-+,-+++-+,-+-+,+,0.0787,1,superior rostral gyrus < frontal lobe,Sympathetic noradrenergic neurons,0.963
CDH9,9.7e-07,cadherin 9,+-+,+++-+-,-+++,+,0.0791,1,dentate gyrus <  hippocampal formation  < limbic lobe,Dentate gyrus granule neurons,0.0139
HIST1H2BO,9.65e-08,histone cluster 1 H2B family member o,-+-,Not_Available,Filtered_Out,-,0.0837,1,III paravermis <  III  <  Anterior Lobe  <  cerebellar hemispheres  < cerebellar cortex,Ependymal cells,0.528
RPS6KL1,1.01e-07,ribosomal protein S6 kinase like 1,++-,++++++,+-+-,+,0.0864,1,V <  anterior lobe of the vermis  <  vermis  < cerebellar cortex,Sympathetic noradrenergic neurons,0.242
ELAVL2,9e-08,ELAV like RNA binding protein 2,+++,--+---,+--+,-,0.0865,1,substantia nigra pars compacta < substantia nigra,Cholinergic and monoaminergic neurons,0.926
MR1,6.25e-08,"major histocompatibility complex, class I-related",+++,------,-+++,-,0.0892,1,central glial substance <  myelencephalon  < gray matter,Choroid epithelial cells,0.814
ZKSCAN4,7.51e-14,zinc finger with KRAB and SCAN domains 4,--+,+-+++-,++-+,+,0.0913,1,dentate gyrus <  hippocampal formation  < limbic lobe,Not_Available,0.353
RHOA,7.1e-07,ras homolog family member A,++-,++-+++,++-+,+,0.0925,1,corpus callosum < telencephalic commissures,Sympathetic noradrenergic neurons,0.68
CNTNAP5,3.89e-09,contactin associated protein like 5,--+,++++++,Filtered_Out,+,0.0954,1,lateral group of nuclei dorsal division <  lateral group of nuclei  < dorsal thalamus,Enteric neurons,0.391
MIER1,2.62e-06,MIER1 transcriptional regulator,-+-,----+-,Filtered_Out,-,0.0961,1,globus pallidus external segment <  globus pallidus  < basal ganglia,Enteric neurons,0.398
CELF2,7.52e-08,CUGBP Elav-like family member 2,+-+,------,--+-,-,0.101,1,lateral group of nuclei ventral division <  lateral group of nuclei  < dorsal thalamus,Telencephalon projecting excitatory neurons,0.948
CRB1,2.5e-07,crumbs cell polarity complex component 1,--+,----+-,+-++,-,0.102,1,central glial substance <  myelencephalon  < gray matter,Cholinergic and monoaminergic neurons,0.623
HIST1H3I,6.38e-10,histone cluster 1 H3 family member i,+++,Not_Available,Filtered_Out,+,0.106,1,V <  anterior lobe of the vermis  <  vermis  < cerebellar cortex,Satellite glia,0.451
SPRY2,8.26e-07,sprouty RTK signaling antagonist 2,---,-----+,+---,-,0.113,1,IX paravermis <  IX  <  Posterior Lobe  <  cerebellar hemispheres  < cerebellar cortex,Enteric neurons,0.938
EYS,1.32e-06,eyes shut homolog,-++,+++---,Not_Available,+,0.116,1,VIIIB lateral hemisphere <  VIIIB  <  Posterior Lobe  <  cerebellar hemispheres  < cerebellar cortex,Not_Available,0.00999
RABEPK,1.56e-06,Rab9 effector protein with kelch motifs,++-,++++++,--++,+,0.119,1,zona incerta <  ventral thalamus  < thalamus,Sympathetic cholinergic neurons,0.136
CAMKK2,1.88e-06,calcium/calmodulin dependent protein kinase kinase 2,+--,++++++,----,-,0.122,1,IX paravermis <  IX  <  Posterior Lobe  <  cerebellar hemispheres  < cerebellar cortex,Telencephalon projecting excitatory neurons,0.565
BTN1A1,7.4e-09,butyrophilin subfamily 1 member A1,--+,Not_Available,Filtered_Out,-,0.124,1,CA2 field <  hippocampal formation  < limbic lobe,Di- and mesencephalon inhibitory neurons,0.0995
SERPING1,2.45e-06,serpin family G member 1,+++,++++++,-+++,+,0.125,1,central glial substance <  myelencephalon  < gray matter,Vascular and leptomeningeal cells,0.983
DENND1A,1.54e-14,DENN domain containing 1A,+-+,++++++,--+-,+,0.127,1,basolateral nucleus < amygdala,Cholinergic and monoaminergic neurons,0.599
OR2B2,2.79e-12,olfactory receptor family 2 subfamily B member 2,++-,Not_Available,Filtered_Out,+,0.131,1,hypoglossal nucleus <  myelencephalon  < gray matter,Hindbrain neurons,0.0751
HIST1H1B,9.97e-14,histone cluster 1 H1 family member b,++-,Not_Available,Filtered_Out,-,0.143,1,III paravermis <  III  <  Anterior Lobe  <  cerebellar hemispheres  < cerebellar cortex,Not_Available,0.491
PCDHA6,6.79e-07,protocadherin alpha 6,+-+,------,Filtered_Out,-,0.143,1,VIIIB lateral hemisphere <  VIIIB  <  Posterior Lobe  <  cerebellar hemispheres  < cerebellar cortex,Cholinergic and monoaminergic neurons,0.054
SORBS3,4.46e-08,sorbin and SH3 domain containing 3,-+-,++++++,-++-,+,0.144,1,cuneate nucleus <  myelencephalon  < gray matter,Choroid epithelial cells,0.407
PLA2R1,3.98e-07,phospholipase A2 receptor 1,-++,+++-++,Filtered_Out,+,0.147,1,IV lateral hemisphere <  IV  <  Anterior Lobe  <  cerebellar hemispheres  < cerebellar cortex,Vascular smooth muscle cells,0.687
VPS41,1.94e-06,VPS41 subunit of HOPS complex,+-+,--+---,++-+,+,0.149,1,fusiform gyrus lateral bank of gyrus <  fusiform gyrus  < temporal lobe,Peripheral sensory neurofilament neurons,0.376
INPP4B,3.71e-07,inositol polyphosphate-4-phosphatase type II B,+-+,++---+,+---,-,0.156,1,basal nucleus of meynert <  substantia innominata  < basal forebrain,Cholinergic and monoaminergic neurons,0.888
BAZ2B,1.32e-07,bromodomain adjacent to zinc finger domain 2B,-+-,+---++,+---,-,0.158,1,corpus callosum < telencephalic commissures,Enteric neurons,0.588
STK19,7.06e-07,serine/threonine kinase 19,-+-,-+-++-,+-++,+,0.159,1,VIIIB paravermis <  VIIIB  <  Posterior Lobe  <  cerebellar hemispheres  < cerebellar cortex,Sympathetic cholinergic neurons,0.0751
CHMP3,4e-07,charged multivesicular body protein 3,+-+,+++++-,-+++,+,0.159,1,claustrum < cerebral nuclei,Sympathetic cholinergic neurons,Not_Available
RFWD2,7e-09,COP1 E3 ubiquitin ligase,+--,+++-+-,+---,-,0.168,1,dentate gyrus <  hippocampal formation  < limbic lobe,Peripheral sensory neurofilament neurons,0.202
NICN1,5.99e-07,nicolin 1,---,+++++-,----,-,0.17,1,fusiform gyrus bank of cos <  fusiform gyrus  < temporal lobe,Sympathetic noradrenergic neurons,0.231
GINM1,2.54e-06,glycoprotein integral membrane 1,-+-,+-----,++-+,+,0.172,1,corpus callosum < telencephalic commissures,Sympathetic noradrenergic neurons,0.416
C11orf31,5.11e-07,selenoprotein H,++-,+++--+,--+-,+,0.174,1,superior temporal gyrus lateral bank of gyrus <  superior temporal gyrus  < temporal lobe,Sympathetic cholinergic neurons,Not_Available
BAD,1.35e-06,BCL2 associated agonist of cell death,++-,-+++-+,----,-,0.176,1,superior rostral gyrus < frontal lobe,Sympathetic cholinergic neurons,0.264
ANKS1B,1.5e-06,ankyrin repeat and sterile alpha motif domain containing 1B,+-+,++--++,++++,+,0.18,1,CA1 field <  hippocampal formation  < limbic lobe,Oligodendrocytes,0.695
SGIP1,1.68e-09,SH3 domain GRB2 like endophilin interacting protein 1,--+,------,--++,-,0.187,1,CA4 field <  hippocampal formation  < limbic lobe,Enteric neurons,0.823
PQLC2L,7.05e-09,PQ loop repeat containing 2 like,+--,----++,Filtered_Out,-,0.189,1,Not_Available,Not_Available,0.761
SLC4A9,2.66e-06,solute carrier family 4 member 9,-+-,---+++,Filtered_Out,-,0.19,1,principal sensory nucleus of trigeminal nerve <  trigeminal nuclei  < pontine tegmentum,Hindbrain neurons,0.393
ACVR1B,5.28e-07,activin A receptor type 1B,+-+,--++++,+---,-,0.191,1,CA3 field <  hippocampal formation  < limbic lobe,Cholinergic and monoaminergic neurons,0.523
MARCH10,2.76e-07,membrane associated ring-CH-type finger 10,---,++-++-,Not_Available,+,0.193,1,central glial substance <  myelencephalon  < gray matter,Ependymal cells,0.2
LRFN5,2.04e-12,leucine rich repeat and fibronectin type III domain containing 5,+-+,+-----,+---,-,0.202,1,dentate gyrus <  hippocampal formation  < limbic lobe,Peripheral sensory non-peptidergic neurons,0.77
ASCC3,8.91e-08,activating signal cointegrator 1 complex subunit 3,--+,------,++++,-,0.203,1,dentate gyrus <  hippocampal formation  < limbic lobe,Enteric neurons,0.774
ERBB4,1.29e-13,erb-b2 receptor tyrosine kinase 4,+-+,++---+,++--,-,0.207,1,substantia nigra pars compacta < substantia nigra,Telencephalon inhibitory interneurons,0.894
BTN3A2,3.96e-13,butyrophilin subfamily 3 member A2,-+-,---+--,----,-,0.207,1,supraoptic nucleus < anterior hypothalamic region,Not_Available,0.845
NEGR1,3.55e-15,neuronal growth regulator 1,+-+,--+---,++-+,-,0.211,1,lingual gyrus striate <  lingual gyrus  < occipital lobe,Cholinergic and monoaminergic neurons,0.974
MAP9,7.15e-07,microtubule associated protein 9,+-+,------,++++,+,0.215,1,medial mammillary nucleus <  mammillary body  < mammillary region,Cholinergic and monoaminergic neurons,0.931
ZFHX4,5.27e-09,zinc finger homeobox 4,---,----++,++++,-,0.219,1,subthalamic nucleus < subthalamus,Cholinergic and monoaminergic neurons,0.799
RBFOX1,6.09e-17,RNA binding fox-1 homolog 1,+-+,+++++-,--+-,-,0.225,1,dentate gyrus <  hippocampal formation  < limbic lobe,Peripheral sensory non-peptidergic neurons,0.717
ETFDH,1.44e-06,electron transfer flavoprotein dehydrogenase,--+,+---+-,-+++,+,0.229,1,globus pallidus internal segment <  globus pallidus  < basal ganglia,Sympathetic cholinergic neurons,0.678
CSMD1,3.31e-07,CUB and Sushi multiple domains 1,+-+,+++-++,----,-,0.239,1,dentate gyrus <  hippocampal formation  < limbic lobe,Peripheral sensory non-peptidergic neurons,0.832
NRD1,2.66e-08,nardilysin convertase,+-+,++--++,--+-,-,0.24,1,dorsal lateral geniculate nucleus <  dorsal lateral geneiculate nucleus  < dorsal thalamus,Enteric neurons,Not_Available
IGSF6,1.56e-09,immunoglobulin superfamily member 6,-++,++++++,Filtered_Out,+,0.241,1,substantia nigra pars reticulata < substantia nigra,Perivascular macrophages,0.904
VRK2,9.97e-09,VRK serine/threonine kinase 2,-+-,---+++,++-+,+,0.243,1,corpus callosum < telencephalic commissures,Microglia,0.546
B3GALTL,5.7e-12,beta 3-glucosyltransferase,+--,----++,+--+,-,0.262,1,lateral group of nuclei dorsal division <  lateral group of nuclei  < dorsal thalamus,Not_Available,Not_Available
BCHE,2.39e-07,butyrylcholinesterase,---,----+-,++++,-,0.263,1,lateral group of nuclei dorsal division <  lateral group of nuclei  < dorsal thalamus,Enteric neurons,0.992
HIST1H3J,1.09e-14,histone cluster 1 H3 family member j,-+-,Not_Available,Filtered_Out,-,0.271,1,VI <  posterior lobe of the vermis  <  vermis  < cerebellar cortex,Non-glutamatergic neuroblasts,0.0751
ZMAT2,2.44e-06,zinc finger matrin-type 2,++-,+++++-,---+,+,0.272,1,putamen <  striatum  < basal ganglia,Sympathetic cholinergic neurons,0.203
TCAIM,1.4e-07,"T cell activation inhibitor, mitochondrial",+-+,++--++,-+-+,-,0.273,1,III paravermis <  III  <  Anterior Lobe  <  cerebellar hemispheres  < cerebellar cortex,Peripheral sensory neurofilament neurons,0.608
CABP1,1.01e-08,calcium binding protein 1,++-,++++-+,----,+,0.273,1,postcentral gyrus bank of the central sulcus <  postcentral gyrus  < parietal lobe,Not_Available,0.769
MED19,1.75e-07,mediator complex subunit 19,++-,++++++,+--+,+,0.273,1,CA4 field <  hippocampal formation  < limbic lobe,Sympathetic cholinergic neurons,0.125
RANGAP1,3.07e-08,Ran GTPase activating protein 1,++-,+-++++,----,-,0.274,1,supramarginal gyrus superior bank of gyrus <  supramarginal gyrus  <  inferior parietal lobule  < parietal lobe,Cholinergic and monoaminergic neurons,0.525
PCDHA1,5.44e-08,protocadherin alpha 1,---,----+-,Not_Available,-,0.285,1,midbrain raphe nuclei < midbrain tegmentum,Sympathetic cholinergic neurons,Not_Available
TRMT61A,3.68e-09,tRNA methyltransferase 61A,++-,-++-+-,Not_Available,+,0.289,1,central glial substance <  myelencephalon  < gray matter,Sympathetic cholinergic neurons,0.267
ADCK3,1.43e-08,coenzyme Q8A,+--,--+-+-,----,-,0.3,1,V lateral hemisphere <  V  <  Anterior Lobe  <  cerebellar hemispheres  < cerebellar cortex,Sympathetic noradrenergic neurons,Not_Available
PROX2,7.55e-10,prospero homeobox 2,--+,Missing_P_Values,Not_Available,-,0.301,1,globose nucleus < cerebellar nuclei,Olfactory ensheathing cells,0.148
C3orf84,2.53e-07,chromosome 3 open reading frame 84,+-+,Not_Available,Not_Available,+,0.302,1,subcuneiform nucleus < midbrain reticular formation,Telencephalon projecting inhibitory neurons,Not_Available
CCDC36,6.57e-07,coiled-coil domain containing 36,+++,-+-++-,Filtered_Out,+,0.304,1,globose nucleus < cerebellar nuclei,Spinal cord inhibitory neurons,0.054
OR12D3,1.2e-09,olfactory receptor family 12 subfamily D member 3,+++,Not_Available,Filtered_Out,+,0.306,1,lateral tuberal nucleus < tuberal region,Gene detected; No expression measured,0.0523
EXT1,1.2e-06,exostosin glycosyltransferase 1,+-+,+++---,+--+,+,0.307,1,CA1 field <  hippocampal formation  < limbic lobe,Ependymal cells,0.81
LPIN3,1.01e-06,lipin 3,-+-,-+++++,Filtered_Out,+,0.307,1,oculomotor nuclear complex < midbrain tegmentum,Vascular and leptomeningeal cells,0.0659
PCNP,2.33e-07,PEST proteolytic signal containing nuclear protein,+-+,-+-+-+,+--+,+,0.319,1,globus pallidus external segment <  globus pallidus  < basal ganglia,Enteric neurons,0.406
PMFBP1,3.65e-07,polyamine modulated factor 1 binding protein 1,-++,+--+++,Filtered_Out,+,0.323,1,locus ceruleus < pontine tegmentum,Peripheral sensory neurofilament neurons,0.356
FAM120A,3.67e-08,family with sequence similarity 120A,--+,+-+-++,-+-+,-,0.336,1,inferior olivary complex <  myelencephalon  < gray matter,Enteric neurons,0.649
CNTN5,3.66e-07,contactin 5,+-+,+++--+,Filtered_Out,+,0.342,1,dorsal lateral geniculate nucleus <  dorsal lateral geneiculate nucleus  < dorsal thalamus,Enteric neurons,0.584
CTNND1,7.75e-08,catenin delta 1,--+,+-+--+,-+--,-,0.342,1,central glial substance <  myelencephalon  < gray matter,Peripheral sensory non-peptidergic neurons,Not_Available
ASTN2,2.19e-11,astrotactin 2,-+-,--++++,++--,+,0.345,1,central glial substance <  myelencephalon  < gray matter,Enteric neurons,0.744
TYR,6.97e-09,tyrosinase,-++,Not_Available,Filtered_Out,+,0.346,1,inferior temporal gyrus lateral bank of gyrus <  inferior temporal gyrus  < temporal lobe,Spinal cord inhibitory neurons,0.504
PTPRS,2.3e-06,protein tyrosine phosphatase receptor type S,---,++++--,--+-,-,0.351,1,dorsal lateral geniculate nucleus <  dorsal lateral geneiculate nucleus  < dorsal thalamus,Hindbrain neurons,0.624
CACNA1E,2.86e-11,calcium voltage-gated channel subunit alpha1 E,--+,----+-,-++-,-,0.354,1,inferior olivary complex <  myelencephalon  < gray matter,Telencephalon projecting excitatory neurons,0.753
DENND1B,1.45e-08,DENN domain containing 1B,+-+,++--+-,-++-,-,0.354,1,abducens nucleus < pontine tegmentum,Hindbrain neurons,0.879
MEGF11,1.78e-10,multiple EGF like domains 11,--+,++--+-,Filtered_Out,-,0.354,1,lateral mammillary nucleus <  mammillary body  < mammillary region,Oligodendrocyte precursor cells,0.84
TMEM67,3.38e-07,transmembrane protein 67,-++,++--+-,Filtered_Out,+,0.356,1,central glial substance <  myelencephalon  < gray matter,Ependymal cells,0.566
TMEM161B,4.77e-14,transmembrane protein 161B,+-+,----+-,-+++,-,0.365,1,VIIIB lateral hemisphere <  VIIIB  <  Posterior Lobe  <  cerebellar hemispheres  < cerebellar cortex,Hindbrain neurons,0.572
MEF2C,1.58e-12,myocyte enhancer factor 2C,+++,+++--+,---+,+,0.383,1,lingual gyrus striate <  lingual gyrus  < occipital lobe,Telencephalon projecting excitatory neurons,0.978
RHOBTB1,1.57e-06,Rho related BTB domain containing 1,+++,--+-++,----,-,0.386,1,central glial substance <  myelencephalon  < gray matter,Pericytes,0.884
ACTL8,6.06e-07,actin like 8,+--,Not_Available,Filtered_Out,-,0.388,1,globose nucleus < cerebellar nuclei,Not_Available,0.466
LRP1B,2.73e-09,LDL receptor related protein 1B,--+,--+--+,+++-,-,0.389,1,parolfactory gyri < frontal lobe,Dentate gyrus granule neurons,0.865
RSRC1,2.6e-14,arginine and serine rich coiled-coil 1,-+-,+--+-+,++-+,+,0.392,1,dorsal lateral geniculate nucleus <  dorsal lateral geneiculate nucleus  < dorsal thalamus,Sympathetic cholinergic neurons,0.582
TMEM258,5.55e-07,transmembrane protein 258,-+-,+++++-,+-+-,+,0.393,1,corpus callosum < telencephalic commissures,Sympathetic noradrenergic neurons,0.218
NOX4,1.16e-06,NADPH oxidase 4,-+-,+++-++,Filtered_Out,+,0.394,1,abducens nucleus < pontine tegmentum,Enteric neurons,0.906
GTF2IRD1,2.15e-08,GTF2I repeat domain containing 1,-+-,++++++,+-+-,+,0.399,1,dorsal lateral geniculate nucleus <  dorsal lateral geneiculate nucleus  < dorsal thalamus,Enteric neurons,0.528
RERE,1.43e-11,arginine-glutamic acid dipeptide repeats,+-+,++++++,-+--,+,0.401,1,V lateral hemisphere <  V  <  Anterior Lobe  <  cerebellar hemispheres  < cerebellar cortex,Sympathetic cholinergic neurons,0.53
FAM172A,7.75e-10,family with sequence similarity 172 member A,--+,+-+-+-,Not_Available,-,0.403,1,VIIIB lateral hemisphere <  VIIIB  <  Posterior Lobe  <  cerebellar hemispheres  < cerebellar cortex,Peripheral sensory non-peptidergic neurons,0.505
SOX6,4.17e-07,SRY-box 6,-++,+----+,Filtered_Out,-,0.411,1,nucleus of the diagonal band horizontal division <  nucleus of the diagonal band  <  substantia innominata  < basal forebrain,Oligodendrocyte precursor cells,0.933
ZNF35,4.66e-07,zinc finger protein 35,-+-,+---+-,-+--,-,0.432,1,zona incerta <  ventral thalamus  < thalamus,Sympathetic cholinergic neurons,0.151
PCDHA7,2.25e-06,protocadherin alpha 7,+++,--+-++,Not_Available,+,0.435,1,midbrain raphe nuclei < midbrain tegmentum,Hindbrain neurons,Not_Available
HTT,8.85e-07,huntingtin,+-+,++++-+,Not_Available,+,0.441,1,dorsal lateral geniculate nucleus <  dorsal lateral geneiculate nucleus  < dorsal thalamus,Cholinergic and monoaminergic neurons,0.321
STAU1,1.34e-06,staufen double-stranded RNA binding protein 1,+--,++++++,-+--,+,0.445,1,motor nucleus of trigeminal nerve <  trigeminal nuclei  < pontine tegmentum,Cholinergic and monoaminergic neurons,0.258
PSEN2,2.68e-06,presenilin 2,++-,+++++-,---+,+,0.445,1,dorsal lateral geniculate nucleus <  dorsal lateral geneiculate nucleus  < dorsal thalamus,Sympathetic cholinergic neurons,0.438
SORCS3,2.27e-19,sortilin related VPS10 domain containing receptor 3,+-+,----++,--+-,-,0.461,1,claustrum < cerebral nuclei,Cholinergic and monoaminergic neurons,0.601
PPID,2.41e-06,peptidylprolyl isomerase D,+--,+-++--,+--+,-,0.466,1,subthalamic nucleus < subthalamus,Sympathetic noradrenergic neurons,0.116
SF3B1,1.78e-08,splicing factor 3b subunit 1,--+,+---+-,++-+,-,0.477,1,corpus callosum < telencephalic commissures,Enteric neurons,0.542
PLCL1,7.79e-07,phospholipase C like 1 (inactive),---,-----+,---+,-,0.487,1,inferior olivary complex <  myelencephalon  < gray matter,Oligodendrocytes,0.831
GRIK5,2.06e-07,glutamate ionotropic receptor kainate type subunit 5,+-+,+++++-,+-+-,+,0.488,1,CA3 field <  hippocampal formation  < limbic lobe,Telencephalon projecting excitatory neurons,0.327
MOB4,6.09e-07,"MOB family member 4, phocein",+-+,------,Not_Available,-,0.492,1,medial geniculate complex < dorsal thalamus,Sympathetic noradrenergic neurons,Not_Available
CTTNBP2,1.26e-07,cortactin binding protein 2,--+,----++,+++-,-,0.495,1,corpus callosum < telencephalic commissures,Telencephalon projecting excitatory neurons,0.808
DCC,2.57e-14,DCC netrin 1 receptor,+-+,-+--+-,Filtered_Out,-,0.496,1,CA3 field <  hippocampal formation  < limbic lobe,Telencephalon projecting inhibitory neurons,0.787
SLC30A9,2.62e-07,solute carrier family 30 member 9,+-+,--+---,---+,-,0.497,1,lateral mammillary nucleus <  mammillary body  < mammillary region,Cholinergic and monoaminergic neurons,0.345
SCAI,1.19e-07,suppressor of cancer cell invasion,+-+,--+-+-,Not_Available,-,0.498,1,cuneus striate <  cuneus  < occipital lobe,Cholinergic and monoaminergic neurons,0.677
ESRRG,1.31e-07,estrogen related receptor gamma,+--,-----+,+---,-,0.5,1,pontine nuclei < basal part of pons,Hindbrain neurons,0.79
ESR2,2.67e-09,estrogen receptor 2,-++,+---++,Filtered_Out,+,0.501,1,paraventricular nucleus of the hypothalamus < anterior hypothalamic region,Cholinergic and monoaminergic neurons,0.399
PRSS16,6.41e-09,serine protease 16,+--,Missing_P_Values,Filtered_Out,+,0.51,1,postcentral gyrus superior lateral aspect of gyrus <  postcentral gyrus  < parietal lobe,Sympathetic noradrenergic neurons,0.734
ABT1,1.16e-07,activator of basal transcription 1,+++,-+++++,+---,+,0.514,1,VIIIB lateral hemisphere <  VIIIB  <  Posterior Lobe  <  cerebellar hemispheres  < cerebellar cortex,Sympathetic cholinergic neurons,0.116
PRR16,1.19e-06,proline rich 16,+--,-----+,Filtered_Out,-,0.516,1,VIIIB lateral hemisphere <  VIIIB  <  Posterior Lobe  <  cerebellar hemispheres  < cerebellar cortex,Spinal cord excitatory neurons,0.87
GRM5,6.21e-17,glutamate metabotropic receptor 5,+-+,----+-,Filtered_Out,-,0.518,1,septal nuclei < basal forebrain,Spinal cord inhibitory neurons,0.708
ZSCAN31,1.82e-10,zinc finger and SCAN domain containing 31,---,--+--+,++++,+,0.52,1,V lateral hemisphere <  V  <  Anterior Lobe  <  cerebellar hemispheres  < cerebellar cortex,Not_Available,0.551
LTBP3,8.14e-07,latent transforming growth factor beta binding protein 3,-+-,++-+++,--++,+,0.526,1,central glial substance <  myelencephalon  < gray matter,Choroid epithelial cells,0.827
CTNNA3,1.69e-10,catenin alpha 3,-+-,---+++,Filtered_Out,-,0.528,1,corpus callosum < telencephalic commissures,Schwann cells,0.707
CDH13,1.59e-11,cadherin 13,+++,+-+--+,--++,+,0.53,1,reticular nucleus of thalamus < ventral thalamus,Cholinergic and monoaminergic neurons,0.826
HMGN4,1.07e-06,high mobility group nucleosomal binding domain 4,+-+,+-----,+--+,-,0.535,1,lateral mammillary nucleus <  mammillary body  < mammillary region,Not_Available,0.208
RAB3B,1.61e-06,"RAB3B, member RAS oncogene family",-++,---+-+,+--+,-,0.536,1,nucleus of the diagonal band horizontal division <  nucleus of the diagonal band  <  substantia innominata  < basal forebrain,Sympathetic noradrenergic neurons,0.954
SAMD5,1.21e-08,sterile alpha motif domain containing 5,-+-,----++,--+-,-,0.548,1,locus ceruleus < pontine tegmentum,Enteric neurons,0.882
CHD6,1.38e-10,chromodomain helicase DNA binding protein 6,-++,++++-+,+--+,+,0.55,1,central glial substance <  myelencephalon  < gray matter,Cholinergic and monoaminergic neurons,0.655
KLC1,2.46e-10,kinesin light chain 1,+--,--+-+-,-+++,+,0.555,1,corpus callosum < telencephalic commissures,Sympathetic cholinergic neurons,0.629
PGBD1,5.95e-14,piggyBac transposable element derived 1,---,+---+-,++--,-,0.567,1,VIIB <  posterior lobe of the vermis  <  vermis  < cerebellar cortex,Cholinergic and monoaminergic neurons,0.438
PCDHA2,4.57e-08,protocadherin alpha 2,--+,---+++,Filtered_Out,-,0.58,1,midbrain raphe nuclei < midbrain tegmentum,Spinal cord inhibitory neurons,0.631
POGZ,3.16e-07,pogo transposable element derived with ZNF domain,--+,+---++,++--,-,0.583,1,corpus callosum < telencephalic commissures,Enteric neurons,0.0413
EMILIN3,3.37e-09,elastin microfibril interfacer 3,+++,++++-+,--+-,-,0.583,1,cuneus striate <  cuneus  < occipital lobe,Peripheral sensory peptidergic neurons,0.351
MICB,2.62e-07,MHC class I polypeptide-related sequence B,-+-,++-++-,Filtered_Out,+,0.586,1,dentate gyrus <  hippocampal formation  < limbic lobe,Sympathetic noradrenergic neurons,0.774
MYRF,1.68e-08,myelin regulatory factor,-+-,---+++,+-++,-,0.587,1,corpus callosum < telencephalic commissures,Oligodendrocytes,0.801
ZNF536,1.62e-06,zinc finger protein 536,-+-,---+++,++-+,+,0.591,1,corpus callosum < telencephalic commissures,Telencephalon inhibitory interneurons,0.527
PRR34,5.59e-08,PRR34 long non-coding RNA,-+-,+-+++-,Filtered_Out,-,0.592,1,Not_Available,Not_Available,0.233
HIST1H2BL,3.54e-12,histone cluster 1 H2B family member l,-++,+++-++,Not_Available,+,0.597,1,central glial substance <  myelencephalon  < gray matter,Non-glutamatergic neuroblasts,0.0554
PHF2,2.32e-06,PHD finger protein 2,---,++++++,----,-,0.607,1,central glial substance <  myelencephalon  < gray matter,Enteric neurons,0.125
HSPE1-MOB4,2.29e-07,HSPE1-MOB4 readthrough,++-,Not_Available,Not_Available,+,0.612,1,medial mammillary nucleus <  mammillary body  < mammillary region,Not_Available,Not_Available
RBMS3,7.31e-07,RNA binding motif single stranded interacting protein 3,-++,++---+,Filtered_Out,+,0.617,1,medial mammillary nucleus <  mammillary body  < mammillary region,Enteric neurons,0.927
CACNA2D1,2.52e-06,calcium voltage-gated channel auxiliary subunit alpha2delta 1,+-+,+-+-+-,-+-+,+,0.628,1,dentate gyrus <  hippocampal formation  < limbic lobe,Enteric neurons,0.899
FANCL,4.58e-07,FA complementation group L,--+,----++,-+++,-,0.631,1,corpus callosum < telencephalic commissures,Sympathetic noradrenergic neurons,0.696
HIST1H2AL,3.49e-11,histone cluster 1 H2A family member l,++-,Not_Available,Not_Available,+,0.643,1,III paravermis <  III  <  Anterior Lobe  <  cerebellar hemispheres  < cerebellar cortex,Non-glutamatergic neuroblasts,0.443
TMX2,1.49e-07,thioredoxin related transmembrane protein 2,+--,---++-,Not_Available,+,0.65,1,subthalamic nucleus < subthalamus,Sympathetic noradrenergic neurons,0.238
SLC17A3,1.67e-07,solute carrier family 17 member 3,--+,Not_Available,Filtered_Out,-,0.65,1,VIIB <  posterior lobe of the vermis  <  vermis  < cerebellar cortex,Telencephalon projecting excitatory neurons,0.541
APOPT1,9.26e-09,"apoptogenic 1, mitochondrial",-+-,+-++--,Not_Available,+,0.658,1,supramarginal gyrus superior bank of gyrus <  supramarginal gyrus  <  inferior parietal lobule  < parietal lobe,Sympathetic cholinergic neurons,0.261
TENM2,2.77e-14,teneurin transmembrane protein 2,--+,+++-+-,--++,-,0.658,1,cuneus striate <  cuneus  < occipital lobe,Cholinergic and monoaminergic neurons,0.975
CELF4,8.75e-10,CUGBP Elav-like family member 4,-++,-+++--,+--+,+,0.683,1,dentate gyrus <  hippocampal formation  < limbic lobe,Cholinergic and monoaminergic neurons,0.739
FAM120AOS,2.42e-06,family with sequence similarity 120A opposite strand,+--,-++-++,Not_Available,+,0.711,1,caudal group of intralaminar nuclei < dorsal thalamus,Not_Available,0.504
PCDHA3,1.06e-07,protocadherin alpha 3,--+,+-+-++,Filtered_Out,-,0.725,1,midbrain raphe nuclei < midbrain tegmentum,Cholinergic and monoaminergic neurons,0.0941
BSN,1.61e-06,bassoon presynaptic cytomatrix protein,+-+,++++-+,+---,-,0.741,1,CA3 field <  hippocampal formation  < limbic lobe,Telencephalon projecting excitatory neurons,0.646
ZKSCAN3,1.16e-08,zinc finger with KRAB and SCAN domains 3,-++,+-++++,Filtered_Out,+,0.749,1,CA3 field <  hippocampal formation  < limbic lobe,Enteric neurons,0.289
C7orf72,8.26e-07,spermatogenesis associated 48,-+-,Not_Available,Not_Available,-,0.75,1,Not_Available,Peripheral sensory non-peptidergic neurons,Not_Available
CDK14,2.93e-07,cyclin dependent kinase 14,+-+,-+++--,---+,+,0.75,1,CA4 field <  hippocampal formation  < limbic lobe,Cholinergic and monoaminergic neurons,0.772
ZHX3,2.34e-07,zinc fingers and homeoboxes 3,+-+,----+-,+-+-,-,0.753,1,globus pallidus internal segment <  globus pallidus  < basal ganglia,Cholinergic and monoaminergic neurons,0.409
SLC44A4,7.98e-07,solute carrier family 44 member 4,-+-,Not_Available,Filtered_Out,+,0.768,1,central glial substance <  myelencephalon  < gray matter,Subcommissural organ hypendymal cells,0.863
ZNF445,3.53e-10,zinc finger protein 445,-+-,+---++,++++,+,0.77,1,dentate gyrus <  hippocampal formation  < limbic lobe,Enteric neurons,0.138
TCTEX1D1,6.7e-08,Tctex1 domain containing 1,+-+,++--+-,Filtered_Out,+,0.788,1,central glial substance <  myelencephalon  < gray matter,Ependymal cells,0.518
MYBPC3,1.39e-06,"myosin binding protein C, cardiac",++-,Not_Available,++--,-,0.791,1,motor nucleus of trigeminal nerve <  trigeminal nuclei  < pontine tegmentum,Cerebellum neurons,0.231
C1QTNF7,2.61e-06,C1q and TNF related 7,++-,+++-+-,Filtered_Out,+,0.792,1,central nucleus < amygdala,Sympathetic cholinergic neurons,0.915
SPPL3,2.85e-10,signal peptide peptidase like 3,+--,---+++,Not_Available,-,0.802,1,corpus callosum < telencephalic commissures,Peripheral sensory neurofilament neurons,0.373
GRM8,1.8e-12,glutamate metabotropic receptor 8,+-+,+---++,---+,+,0.843,1,pontine nuclei < basal part of pons,Hindbrain neurons,0.571
ZNF197,2.28e-10,zinc finger protein 197,-++,-----+,Filtered_Out,-,0.869,1,VIIIB lateral hemisphere <  VIIIB  <  Posterior Lobe  <  cerebellar hemispheres  < cerebellar cortex,Not_Available,0.249
LIN28B,6.57e-10,lin-28 homolog B,+++,+----+,Filtered_Out,+,0.882,1,preoptic region < hypothalamus,Cholinergic and monoaminergic neurons,0.913
SHISA9,8.98e-17,shisa family member 9,+-+,+-+-++,Not_Available,+,0.886,1,lateral mammillary nucleus <  mammillary body  < mammillary region,Glutamatergic neuroblasts,0.755
ITGB6,2.03e-06,integrin subunit beta 6,-+-,Missing_P_Values,Filtered_Out,+,0.893,1,bed nucleus of stria terminalis <  substantia innominata  < basal forebrain,Enteric neurons,0.971
DCDC5,2.49e-09,doublecortin domain containing 1,-++,+---+-,Filtered_Out,-,0.894,1,central glial substance <  myelencephalon  < gray matter,Not_Available,0.306
DCDC1,7.46e-09,doublecortin domain containing 1,-++,+---+-,Filtered_Out,-,0.894,1,central glial substance <  myelencephalon  < gray matter,Not_Available,Not_Available
SDK1,9.19e-09,sidekick cell adhesion molecule 1,+++,++++--,Filtered_Out,+,0.896,1,CA3 field <  hippocampal formation  < limbic lobe,Peripheral sensory peptidergic neurons,0.705
DLST,8.87e-10,dihydrolipoamide S-succinyltransferase,+--,+---++,Not_Available,+,0.906,1,dorsal lateral geniculate nucleus <  dorsal lateral geneiculate nucleus  < dorsal thalamus,Peripheral sensory neurofilament neurons,0.26
RAB27B,1.39e-09,"RAB27B, member RAS oncogene family",+-+,+++--+,Filtered_Out,-,0.917,1,parahippocampal gyrus lateral bank of gyrus <  parahippocampal gyrus  < limbic lobe,Peripheral sensory non-peptidergic neurons,0.948
IQCJ-SCHIP1,1.37e-07,IQCJ-SCHIP1 readthrough,+-+,+++-+-,Not_Available,-,0.926,1,CA3 field <  hippocampal formation  < limbic lobe,Not_Available,Not_Available
PLCG1,2.94e-07,phospholipase C gamma 1,+--,++++++,+++-,+,0.938,1,VIIIA lateral hemisphere <  VIIIA  <  Posterior Lobe  <  cerebellar hemispheres  < cerebellar cortex,Cholinergic and monoaminergic neurons,0.252
TMEM42,4.87e-07,transmembrane protein 42,++-,-+++++,Not_Available,+,0.944,1,corpus callosum < telencephalic commissures,Peripheral sensory non-peptidergic neurons,0.325
DRD2,5.35e-14,dopamine receptor D2,+-+,+--++-,Not_Available,-,0.946,1,substantia nigra pars compacta < substantia nigra,Telencephalon projecting inhibitory neurons,0.439
FH,1.47e-06,fumarate hydratase,+--,+++---,+--+,-,0.947,1,dentate gyrus <  hippocampal formation  < limbic lobe,Sympathetic cholinergic neurons,0.609
BTN3A3,6.6e-08,butyrophilin subfamily 3 member A3,+--,++-+-+,++++,+,0.951,1,supraoptic nucleus < anterior hypothalamic region,Not_Available,0.829
OTX2,8.91e-07,orthodenticle homeobox 2,-+-,Missing_P_Values,Filtered_Out,+,0.952,1,superior colliculus < midbrain tectum,Choroid epithelial cells,0.728
ZKSCAN7,5.11e-10,zinc finger with KRAB and SCAN domains 7,+++,+---++,Filtered_Out,+,0.964,1,IX <  posterior lobe of the vermis  <  vermis  < cerebellar cortex,Hindbrain neurons,0.788
ANKK1,5.17e-09,ankyrin repeat and kinase domain containing 1,-+-,Missing_P_Values,Filtered_Out,-,0.965,1,IV <  anterior lobe of the vermis  <  vermis  < cerebellar cortex,Ependymal cells,Not_Available
IK,2.32e-06,IK cytokine,++-,+++++-,-+++,+,0.967,1,central glial substance <  myelencephalon  < gray matter,Sympathetic cholinergic neurons,0.161
KYNU,2.38e-06,kynureninase,-++,+-++-+,Filtered_Out,+,0.97,1,supraoptic nucleus < anterior hypothalamic region,Peripheral sensory neurofilament neurons,0.993
HIST1H4L,6.17e-11,histone cluster 1 H4 family member l,++-,Not_Available,Filtered_Out,+,0.975,1,III paravermis <  III  <  Anterior Lobe  <  cerebellar hemispheres  < cerebellar cortex,Enteric neurons,0.187
AP3B1,3.15e-07,adaptor related protein complex 3 subunit beta 1,-+-,---+++,-+--,-,0.978,1,corpus callosum < telencephalic commissures,Sympathetic noradrenergic neurons,0.379
ZNF660,2.47e-10,zinc finger protein 660,-++,----++,Filtered_Out,+,0.981,1,central glial substance <  myelencephalon  < gray matter,Not_Available,0.142
TAOK3,1.49e-08,TAO kinase 3,-+-,++--++,+-+-,+,0.987,1,globus pallidus external segment <  globus pallidus  < basal ganglia,Peripheral sensory non-peptidergic neurons,0.531
ZSCAN26,8.51e-12,zinc finger and SCAN domain containing 26,+-+,+++-++,++-+,-,1,1,VIIIB lateral hemisphere <  VIIIB  <  Posterior Lobe  <  cerebellar hemispheres  < cerebellar cortex,Hindbrain neurons,0.22
PAX5,6.67e-10,paired box 5,+++,Missing_P_Values,Filtered_Out,+,1,1,subcuneiform nucleus < midbrain reticular formation,Cholinergic and monoaminergic neurons,0.983
PSORS1C2,2.98e-07,psoriasis susceptibility 1 candidate 2,+--,Not_Available,Filtered_Out,-,1,1,lateral parabrachial nucleus < pontine tegmentum,Vascular endothelial cells,0.622
SIM1,1.47e-06,SIM bHLH transcription factor 1,-++,Not_Available,Filtered_Out,+,1,1,paraventricular nucleus of the hypothalamus < anterior hypothalamic region,Peptidergic neurons,0.05
PCLO,6.57e-13,piccolo presynaptic cytomatrix protein,--+,-+++-+,Not_Available,-,1,1,CA3 field <  hippocampal formation  < limbic lobe,Cholinergic and monoaminergic neurons,0.829
ZSCAN16,6.65e-13,zinc finger and SCAN domain containing 16,-+-,+-+-++,Filtered_Out,-,1,1,corpus callosum < telencephalic commissures,Not_Available,0.612
ZSCAN12,8.58e-11,zinc finger and SCAN domain containing 12,+--,+++-++,Filtered_Out,-,1,1,VIIIB lateral hemisphere <  VIIIB  <  Posterior Lobe  <  cerebellar hemispheres  < cerebellar cortex,Sympathetic cholinergic neurons,0.374
YLPM1,3.52e-10,YLP motif containing 1,---,+--+++,Not_Available,-,1,1,dentate gyrus <  hippocampal formation  < limbic lobe,Cholinergic and monoaminergic neurons,0.157
NRG1,9.64e-10,neuregulin 1,+--,---+++,+++-,+,1,1,basal nucleus of meynert <  substantia innominata  < basal forebrain,Not_Available,0.928
GPC6,1.6e-09,glypican 6,+-+,+---+-,+-++,+,1,1,locus ceruleus < pontine tegmentum,Enteric neurons,0.914
XRCC3,3.79e-09,X-ray repair cross complementing 3,---,++++++,Filtered_Out,+,1,1,IX <  posterior lobe of the vermis  <  vermis  < cerebellar cortex,Oligodendrocytes,0.396
TTC12,8.38e-09,tetratricopeptide repeat domain 12,---,++-+++,Filtered_Out,-,1,1,central glial substance <  myelencephalon  < gray matter,Ependymal cells,0.704
KIF15,3.68e-08,kinesin family member 15,--+,+-+--+,Filtered_Out,-,1,1,lingual gyrus striate <  lingual gyrus  < occipital lobe,Oligodendrocyte precursor cells,0.953
NKAPL,3.84e-08,NFKB activating protein like,++-,---+-+,Filtered_Out,-,1,1,principal sensory nucleus of trigeminal nerve <  trigeminal nuclei  < pontine tegmentum,Ependymal cells,0.311
FCF1,4.33e-08,FCF1 rRNA-processing protein,-+-,+-+++-,Filtered_Out,+,1,1,central glial substance <  myelencephalon  < gray matter,Sympathetic noradrenergic neurons,0.395
TRMT10C,1.08e-07,"tRNA methyltransferase 10C, mitochondrial RNase P subunit",++-,--+---,-++-,-,1,1,subthalamic nucleus < subthalamus,Sympathetic noradrenergic neurons,0.618
KMT2A,1.28e-07,lysine methyltransferase 2A,--+,+---++,--+-,-,1,1,VIIIB lateral hemisphere <  VIIIB  <  Posterior Lobe  <  cerebellar hemispheres  < cerebellar cortex,Cholinergic and monoaminergic neurons,0.42
EP300,2.3e-07,E1A binding protein p300,--+,++-+++,+-+-,+,1,1,IV <  anterior lobe of the vermis  <  vermis  < cerebellar cortex,Enteric neurons,0.245
FHIT,2.74e-07,fragile histidine triad,++-,+---++,----,+,1,1,zona incerta <  ventral thalamus  < thalamus,Choroid epithelial cells,0.884
PCDHA4,3.57e-07,protocadherin alpha 4,-++,+--+--,Not_Available,+,1,1,midbrain raphe nuclei < midbrain tegmentum,Enteric neurons,Not_Available
TOPAZ1,3.6e-07,testis and ovary specific PAZ domain containing 1,+-+,---+++,Not_Available,+,1,1,CA1 field <  hippocampal formation  < limbic lobe,Peripheral sensory non-peptidergic neurons,Not_Available
ZNF322,3.72e-07,zinc finger protein 322,+-+,-+++--,+-++,+,1,1,zona incerta <  ventral thalamus  < thalamus,Cholinergic and monoaminergic neurons,0.256
ASIC2,3.77e-07,acid sensing ion channel subunit 2,+--,-+++-+,Filtered_Out,-,1,1,nucleus of the diagonal band horizontal division <  nucleus of the diagonal band  <  substantia innominata  < basal forebrain,Peripheral sensory non-peptidergic neurons,0.365
PCDHA5,4.3e-07,protocadherin alpha 5,+-+,+-+-++,Filtered_Out,+,1,1,midbrain raphe nuclei < midbrain tegmentum,Telencephalon projecting excitatory neurons,0.168
KIAA1143,5e-07,KIAA1143,---,-++---,++-+,-,1,1,locus ceruleus < pontine tegmentum,Sympathetic noradrenergic neurons,0.409
TAL1,5.73e-07,"TAL bHLH transcription factor 1, erythroid differentiation factor",-++,++++-+,Filtered_Out,+,1,1,superior olivary complex < pontine tegmentum,Di- and mesencephalon inhibitory neurons,0.888
HLA-DQA1,6.06e-07,"major histocompatibility complex, class II, DQ alpha 1",-+-,+-++--,Not_Available,-,1,1,supraoptic nucleus < anterior hypothalamic region,Perivascular macrophages,0.999
FNIP2,7.22e-07,folliculin interacting protein 2,+-+,--+---,Not_Available,-,1,1,corpus callosum < telencephalic commissures,Sympathetic cholinergic neurons,0.742
HARS2,1.35e-06,"histidyl-tRNA synthetase 2, mitochondrial",+-+,-++-+-,--+-,-,1,1,VIIIB lateral hemisphere <  VIIIB  <  Posterior Lobe  <  cerebellar hemispheres  < cerebellar cortex,Cholinergic and monoaminergic neurons,0.143
TOP1,1.66e-06,DNA topoisomerase I,---,+---++,+-++,-,1,1,VIIIA <  posterior lobe of the vermis  <  vermis  < cerebellar cortex,Enteric neurons,0.618
ATP1A3,2.03e-06,ATPase Na+/K+ transporting subunit alpha 3,+-+,++++--,++--,+,1,1,dorsal lateral geniculate nucleus <  dorsal lateral geneiculate nucleus  < dorsal thalamus,Hindbrain neurons,0.602
ANKHD1,2.08e-06,ankyrin repeat and KH domain containing 1,-+-,-+--+-,Filtered_Out,-,1,1,IV lateral hemisphere <  IV  <  Anterior Lobe  <  cerebellar hemispheres  < cerebellar cortex,Enteric neurons,Not_Available
ANKHD1-EIF4EBP3,2.53e-06,ANKHD1-EIF4EBP3 readthrough,+--,+---++,Not_Available,-,1,1,VIIIB lateral hemisphere <  VIIIB  <  Posterior Lobe  <  cerebellar hemispheres  < cerebellar cortex,Enteric neurons,Not_Available